{
    "program_title" : "مزامنة ملف HCL Digital Experience v%s",
    "program_help_1" : "تقوم هذه الوظيفة بمزامنة مصادر WebDAV للنسق الرئيسي الى HCL Portal Theme مع الدليل المحلي. ",
    "program_help_2" : "وهذا يسمح لمطور النسق الرئيسي بالتعامل بسهولة مع الملفات الخاصة به محليا باستخدام برنامج التحرير المفضل الخاص بك. ",
    "program_help_3" : "يتم تحميل الملفات آليا الى وحدة الخدمة عن بعد عند تحديثها محليا. ",
    "program_help_4" : "يمكن ايجاد المزيد من المعلومات في ملف readme.txt الملحق \n",
    "program_help_5" : "مساعدة عن الأمر: \ndxsync.sh <options> <command>\n",
    "program_help_6" : "الأوامر المتاحة: ",
    "program_help_7" : "init\n    يقوم باعداد النسق الرئيسي للبدء بالدليل المحلي الحالي ",
    "program_help_8" : "run\n    يقوم بتشغيل عملية تزامن ثنائية الاتجاه وابقاء العملية فعالة في الخلفية لمراقبة التغييرات في الملف ",
    "program_help_9" : "pull\n    يؤدي الى قيام عملية التزامن أحادية الاتجاه بتنزيل كل الملفات التي تم تحديثها من النظام عن بعد ",
    "program_help_10" : "push\n    يؤدي الى قيام عملية التزامن أحادية الاتجاه بتحميل كل الملفات التي تم تحديثها (احلال التغييرات عن بعد) على النظام عن بعد \n",
    "program_help_11" : "الاختيارات المتاحة: ",
    "program_help_12" : "--debug\n    يتيح نمط تصحيح الأخطاء مع الاختيارات المفترضة (المستوى: أكثر دقة، كل الطرق والملفات)  ",
    "program_help_13" : "--debug-finest\n    يحدد مستوى التتبع الى دقيق\n",
    "log_file_location" : "سيتم كتابة ملف السجل الى %s/.dxsync.log",
    "log_file_location2" : "يمكن ايجاد ملف السجل هنا: %s",
    "sigint" : "يتم مقاطعة العميلة. وداعا. ",
    "uncaught_exception" : "خطأ لا يمكن تداركه ",
    "unrecognized_command" : "أمر لا يمكن التعرف عليه: %s",
    "unrecognized_option" : "اختيار لا يمكن التعرف عليه: %s",
    "too_many_commands" : "عدد كبير جدا من الأوامر: %s",
    "setup_1" : "باستخدام هذا الأمر تقوم بتكوين نقطة تزامن جديدة للنسق الرئيسي في ",
    "setup_2" : "الدليل الحالي '%s'.\n",
    "setup_3" : "برجاء اتباع رسائل الحث للاتصال بنسخة HCL Portal عن بعد. ",
    "setup_connecting" : "الاتصال بوحدة الخدمة عن بعد...",
    "setup_themes_found" : "تم ايجاد النسق الرئيسية التالية. برجاء تحديد النسق الرئيسي الذي تريد الاتصال به: ",
    "setup_theme_desc" : "أدخل رقم بين 1 و %d",
    "setup_theme_exists" : "Interrupting setup process as your synchronization point is already connected to a theme. If you wish to synchronize another theme please create a new directory and start the setup process there, or copy the .settings file manually.",
    "list_themes" : "احضار النسق الرئيسية من %s",
    "list_themes_none" : "لم يتم ايجاد أية نسق رئيسية على وحدة الخدمة المستهدفة. ",
    "setup_abort" : "ايقاف عملية الاعداد للبدء. ",
    "setup_success1" : "تم اعداد عملية مزامنة النسق الرئيسي بنجاح. ",
    "setup_success2" : "أنت جاهز لتنفيذ عملية التزامن باستخدام الأمر 'run'. ",
    "print_config" : "التوصيف: ",
    "error_loading_config" : "لا يمكن تحميل محددات dxsync في هذا الدليل. قم بتنفيذ 'dxsync.sh init' أولا. ",
    "error_host" : "لا يمكن الاتصال بالنظام الرئيسي. ",
    "error_refused" : "تم رفض الاتصال. ",
    "error_not_found" : "البند المطلوب غير موجود. ",
    "error_unauthorized" : "غير مرخص. اسم مستخدم أو كلمة سرية غير صحيحين. ",

    "config_section_basic" : "أساسي",
    "config_section_advanced" : "‏متقدم‏",
    "config_host_desc" : "‏اسم النظام الرئيسي",
    "config_user_desc" : "اسم المستخدم",
    "config_pass_desc" : "كلمة السرية",
    "config_contenthandler_desc" : "المسار الى servlet لبرنامج معالجة المحتوى ",
    "config_port_desc" : "المنفذ",
    "config_theme_desc" : "النسق الرئيسي",
    "config_syncinterval_desc" : "الفترة الزمنية بالدقائق لمزامنة الخلفية ",
    "config_connections_desc" : "عدد الوصلات عن بعد المتزامنة ",
    "config_filter_desc" : "التعبير المعتاد لتجاهل الملفات ",

    "webdav_request_canceled" : "تم مقاطعة طلب WebDAV بسبب الغاء الطلب. ",
    "webdav_retry_success" : "تم حل المشكلة بنجاح التي تم اكتشافها مسبقا الى '%s' بعد محاولة %s مرات. ",
    "webdav_invalid_url" : "عنوان URL غير صحيح (%s) - لا يمكن ايجاد الوصف المنطقي ",

    "watcher_restart" : "أعد بدء عملية تزامن النسق الرئيسي! (لم يتم تنفيذ أمر اعادة التسمية بنجاح الى %s)",
    "watcher_restart2" : "أعد بدء عملية تزامن النسق الرئيسي! (لا يمكن ايجاد برنامج المعالجة بواسطة المسار #1 ? %s)",
    "watcher_restart3" : "أعد بدء عملية تزامن النسق الرئيسي! (لا يمكن ايجاد برنامج المعالجة بواسطة المسار  #2 ? %s)",
    "watcher_stateexception" : "UnknownStateException:\nالمسار: %s\nwatchedPath: %\nstartDir: %s",
    "watcher_windows_1" : "نتيجة لحدود بيئة التشغيل على نظام Windows (معالجة ملف مفتوحة)، لا يتم دعم حذف الأدلة أثناء مراقبة الملفات. ",
    "watcher_windows_2" : "لحذف حافظة أثناء مراقبة استخدام نظام تشغيل آخر مثل OSX أو  Linux. على نظام  Windows، برجاء ايقاف المراقبة وحذف الحافظة ثم اعادة بدء العملية. \n",
    "watcher_unable_1" : "لا يمكن مراقبة الملفات بسبب وحدة برامج pathwatcher غير الموجودة. قم بتركيب وحدة البرامج من المصدر بدون الشارة الاختيارية --no-. ",
    "watcher_unable_2" : "برجاء ادخال التعليق التقييمي لمؤلف وحدة البرامج هذه عن الارتباطات التي تم تحويلها برمجيا مسبقا غير الموجودة. ",
    "watcher_unable_3" : "معلومات النظام الخاصة بك: %s (بيئة التشغيل) / %s (أسلوب البناء)\n",
    "watcher_win_toomany_folders" : "لا يمكن مراقبة الدليل '%s' بسبب الخطأ الذي لم يتم حله في مكون المتطلبات الرئيسية. \nارجع الى https://github.com/atom/node-pathwatcher/issues/70 للحصول على المزيد من المعلومات. ",
    "watcher_win_toomany_folders_start" : "لا يمكن مراقبة الأدلة التالية بسبب الخطأ الذي لم يتم حله في مكون المتطلبات الرئيسية. \nارجع الى https://github.com/atom/node-pathwatcher/issues/70 للحصول على المزيد من المعلومات.",
    "watcher_forcewatch_info" : "اذا كنت تريد مراقبة أي من الأدلة السابقة للآخرين، يمكنك استخدام المحددات 'forceWatch'. قم باضافة عنصر forceWatch الى ملف المحددات الذي يوجد في %s. تعد القيمة مصفوفة الأدلة التي سيتم فرض مراقبتها. مثال: \"forceWatch\": [\"/example/directory\"]",

    "sync_idle" : "بدون استخدام...",
    "sync_background_start" : "سيتم بدء عملية التزامن التالية خلال %d دقائق...",
    "sync_background_disabled" : "تم الغاء اتاحة عملية مزامنة الخلفية. ",
    "sync_invalid_mode" : "تم امرار متغير نمط غير صحيح. ",
    "sync_2way_phase_1" : "تم بدء عملية التزامن ثنائية الاتجاه... المرحلة 1...",
    "sync_2way_notification" : "تم بدء عملية التزامن ثنائية الاتجاه ",
    "sync_push_phase_1" : "يتم تحميل الملفات التي تم تحديثها... المرحلة 1...",
    "sync_push_notification" : "تحميل الملفات التي تم تحديثها ",
    "sync_pull_phase_1" : "تنزيل الملفات التي تم تحديثها... المرحلة 1...",
    "sync_pull_notification" : "تنزيل الملفات التي تم تحديثها ",
    "sync_notification_subtitle" : "برجاء الانتظار قبل اجراء التحديثات الاضافية. ",
    "sync_phase2" : "المرحلة 2...",
    "sync_complete" : "تم استكمال عملية التزامن. ",
    "sync_complete_subtitle" : "يمكنك اجراء تغييرات الملف بآمان. ",
    "sync_complete_subtitle2" : "\nمراقبة التغييرات في الملفات...",
    "sync_notification_generic_error" : "حدث خطأ %s أثناء محاولة %s [%s]",
    "sync_notification_multiple_error" : "حدثت عدة أخطاء %s أثناء محاولة %s [%s]",
    "sync_error_command_create" : "تكوين ",
    "sync_error_command_delete" : "حذف",
    "sync_error_command_update" : "تحديث ",
    "sync_error_command_move" : "نقل ",
    "sync_notification_sync_complete" : "اتمام عملية التزامن [%s]",
    "sync_notification_upload_complete" : "اتمام عملية التحميل [%s]",
    "sync_notification_upload_error" : "حدث خطأ %s أثناء تحميل [%s]",
    "sync_notification_download_complete" : "اتمام عملية التنزيل [%s]",
    "sync_notification_delete_complete" : "اتمام عملية الحذف [%s]",
    "sync_notification_deletelocal_complete" : "حذف الملف المحلي [%s]",
    "sync_notification_merge_complete" : "تم حل التعارض في عملية الدمج [%s]",
    "sync_notification_no_update" : "لا يوجد تحديث مطلوب [%s]",
    "sync_notification_merge_conflict" : "تعارض في الدمج [%s]",
    "sync_notification_rename_complete" : "اتمام عملية اعادة التسمية ",
    "sync_notification_rename_data_complete" : "اتمام عملية اعادة التسمية: %s => %s",
    "sync_notification_move_complete" : "اتمام عملية النقل ",
    "sync_notification_move_data_complete" : "اتمام عملية النقل: %s => %s",
    "sync_dir_created" : "اتمام تكوين الدليل: %s",
    "sync_upload_skip" : "يتم تخطي تحميل الملف بسبب تعارض لم يتم حله بعد لعملية الدمج: %s",
    "sync_upload_start" : "يتم تحميل الملف: %s",
    "sync_upload_complete" : "اتمام تحميل الملف: %s",
    "sync_delete_dir_skip" : "يتم تخطي عملية حذف الدليل عن بعد بسبب تعارض لم يتم حله بعد لعملية الدمج: %s",
    "sync_delete_file_skip" : "يتم تخطي عملية حذف الملف عن بعد بسبب تعارض لم يتم حله بعد لعملية الدمج: %s",
    "sync_delete_dir_complete" : "اتمام حذف الدليل: %s",
    "sync_delete_file_complete" : "اتمام حذف الملف: %s",
    "sync_delete_localfile_cancel" : "تم مقاطعة حذف الملف المحلي بسبب الغاء الطلب. ",
    "sync_delete_localfile_skip" : "يتم تخطي عملية حذف الملف المحلي بسبب تعارض لم يتم حله بعد لعملية الدمج:  %s",
    "sync_write_cancel" : "تم مقاطعة عملية كتابة الملف المحلي بسبب الغاء الطلب. ",
    "sync_download_complete" : "اتمام تحميل الملف: %s",
    "sync_resolve_cancel" : "تم مقاطعة عملية حل التعارض بسبب الغاء الطلب. ",
    "sync_resolve_complete" : "تم حل تعارض عملية الدمج الى %s",
    "sync_resolve_unknown_action" : "تصرف غير معروف %s",
    "sync_sync_upload_skip" : "يتم تخطي تحميل الملف %s",
    "sync_sync_delete_skip" : "يتم تخطي حذف الملف %s",
    "sync_sync_download_skip" : "يتم تخطي تنزيل الملف %s",
    "sync_merge_help_1" : "لحل التعارض برجاء دمج الملفات. بمجرد الدمج، أعد تسمية '%s' الى '%s'.",
    "sync_merge_help_2" : "سيؤدي هذا الى قيام النظام بحل التعارض وتحميل الملف الذي تم حله. ",
    "sync_merge_help_deleted_remotely_1" : "لحل التعارض، لديك اختيارين: ",
    "sync_merge_help_deleted_remotely_2" : "1) الحل من خلال الحذف - يتم حذف الملف محليا أيضا. ",
    "sync_merge_help_deleted_remotely_3" : "   يمكن اجراء ذلك باعادة تسمية '%s' الى '%s'.",
    "sync_merge_help_deleted_remotely_4" : "2) الحل عن بعد - تنزيل ملف عن بعد. ",
    "sync_merge_help_deleted_remotely_5" : "   يمكن اجراء ذلك باعادة تسمية '%s' الى '%s'.",
    "sync_merge_help_deleted_remotely_6" : "سيؤدي هذا الى قيام النظام بحل التعارض. ",
    "sync_merge_help_deleted_locally_1" : "لحل التعارض، لديك اختيارين:",
    "sync_merge_help_deleted_locally_2" : "1) الحل من خلال الحذف - يتم حذف الملف محليا أيضا.",
    "sync_merge_help_deleted_locally_3" : "   يمكن اجراء ذلك باعادة تسمية '%s' الى '%s'.",
    "sync_merge_help_deleted_locally_4" : "2) الحل عن بعد - تنزيل ملف عن بعد.",
    "sync_merge_help_deleted_locally_5" : "   يمكن اجراء ذلك باعادة تسمية '%s' الى '%s'.",
    "sync_merge_help_deleted_locally_6" : "سيؤدي هذا الى قيام النظام بحل التعارض.",
    "sync_conflict_local_deleted_1" : "التدخل اليدوي مطلوب الى %s",
    "sync_conflict_local_deleted_2" : "تم حذف الملف محليا وتحديثه على وحدة خدمة عن بعد. لا يمكن تحديد ما اذا كان سيتم تنزيل الملف عن بعد الذي تم تحديثه أو حذفه. ",
    "sync_conflict_local_deleted_3" : "تنزيل الملف على أنه %s",
    "sync_conflict_remote_deleted_1" : "التدخل اليدوي مطلوب الى %s",
    "sync_conflict_remote_deleted_2" : "تم حذف الملف عن بعد وتحديثه محليا. لا يمكن تحديد ما اذا كان سيتم تحميل الملف الذي تم تحديثه أو حذفه. ",
    "sync_conflict_both_1" : "الدمج اليدوي مطلوب الى %s",
    "sync_conflict_both_2" : "تم تحديث الملف محليا وعلى وحدة خدمة عن بعد. ",
    "sync_conflict_both_3" : "تنزيل الملف على أنه %s",
    "sync_conflict_outstanding" : "تعارض لم يتم حله في عملية الدمج الى %s",
    "sync_event_add_dir" : "تم التعرف على عملية تكوين الدليل: %s",
    "sync_event_add_file" : "تم التعرف على عملية تكوين الملف: %s",
    "sync_event_delete_dir" : "تم التعرف على عملية ازالة الدليل: %s",
    "sync_event_delete_file" : "تم التعرف على عملية ازالة الملف: %s",
    "sync_event_rename_dir" : "تم التعرض على عملية اعادة تسمية/نقل الدليل: %s",
    "sync_event_rename_file" : "تم التعرف على عملية اعادة تسمية/نقل الملف: %s",
    "sync_event_change_file" : "تم التعرف على عملية تغيير الملف: %s",
    "sync_rename_skip" : "يتم تخطي عملية اعادة تسمية الملف المحلي بسبب تعارض لم يتم حله بعد لعملية الدمج: %s",
    "sync_start_watching" : "يتم مراقبة تغييرات الملفات التي توجد في '%s'... ",

    "sync_report" : "تقرير عمليات التزامن: \nالاجماليl      : %d\nتم تحميل   : %d\nتم تنزيل : %d\nتم حذف    : %d / %d (محلي/عن بعد)\nالتعارضات  : %d / %d (تم حلها)\nلا يوجد تصرف  : %d\nالأخطاء     : %d\n",
    "sync_error_happened" : "جدثت أخطاء أثناء عملية التزامن! "

}

