{
    "program_title" : "HCL Digital Experience File Sync v%s",
    "program_help_1" : "Aquest programa d'utilitat sincronitza els recursos WebDAV d'un tema de l'HCL Portal amb un directori local.",
    "program_help_2" : "Permet que un desenvolupador de temes treballi fàcilment amb els fitxers en qüestió de manera local utilitzant el seu editor preferit.",
    "program_help_3" : "Els fitxers es carreguen automàticament al servidor remot quan s'actualitzen localment.",
    "program_help_4" : "Trobareu més informació al fitxer readme.txt adjunt\n",
    "program_help_5" : "Ajuda d'ordre:\ndxsync.sh <options> <command>\n",
    "program_help_6" : "Ordres disponibles:",
    "program_help_7" : "init\n    Inicialitza un tema a dins del directori local actual",
    "program_help_8" : "run\n    Executa una sincronització bidireccional i manté actiu el procés en segon pla per controlar els canvis als fitxers",
    "program_help_9" : "pull\n    Fa que una sincronització unidireccional descarregui tots els fitxers actualitzats des del sistema remot",
    "program_help_10" : "push\n    Fa que una sincronització unidireccional carregui tots els fitxers actualitzats (sobreescrivint els canvis remots) al sistema remot\n",
    "program_help_11" : "Opcions disponibles:",
    "program_help_12" : "--debug\n    Habilita el mode de depuració amb els valors per defecte (nivell: més precís, tots els mètodes i fitxers)",
    "program_help_13" : "--debug-finest\n    Estableix el nivell de traça en finest (el més precís)\n",
    "log_file_location" : "El fitxer de registre s'escriurà a %s/.dxsync.log",
    "log_file_location2" : "Trobareu el fitxer de registre a: %s",
    "sigint" : "S'està interrompent el procés. A reveure.",
    "uncaught_exception" : "Excepció no capturada",
    "unrecognized_command" : "Ordre no reconeguda: %s",
    "unrecognized_option" : "Opció no reconeguda: %s",
    "too_many_commands" : "Hi ha massa ordres: %s",
    "setup_1" : "Amb aquesta ordre creeu un nou punt de sincronització de temes al",
    "setup_2" : "directori actual '%s'.\n",
    "setup_3" : "Seguiu les sol·licituds per connectar-vos a la instància de l'HCL Portal remot.",
    "setup_connecting" : "S'està connectant amb el servidor remot...",
    "setup_themes_found" : "S'han trobat els següents temes. Seleccioneu el tema al qual us vulgueu connectar:",
    "setup_theme_desc" : "Introduïu un número entre 1 i %d",
    "list_themes" : "S'estant obtenint els temes des de %s",
    "list_themes_none" : "No s'han trobat temes al servidor de destinació.",
    "setup_abort" : "S'està avortant la inicialització.",
    "setup_success1" : "S'ha configurat correctament la sincronització de tema.",
    "setup_success2" : "Esteu llest per executar la sincronització amb l'ordre 'run'.",
    "print_config" : "Configuració:",
    "error_loading_config" : "No es pot carregar la configuració dxsync en aquest directori. Executeu primer 'dxsync.sh init'.",
    "error_host" : "No es pot connectar amb l'amfitrió.",
    "error_refused" : "S'ha rebutjat la connexió.",
    "error_not_found" : "No s'ha trobat l'element sol·licitat.",
    "error_unauthorized" : "No autoritzat. Nom d'usuari o contrasenya incorrectes.",
    "error_wrong_protocol" : "Protocol no correcte. Això passa quan s'utilitza un port incorrecte quan es connecta al servidor. Per exemple, un port no-segur (http) amb una ubicació segura (d'url https).",
    "error_connection_reset" : "Connexió reiniciada. Això passa si utilitza un port incorrecte quan es connecta al servidor. Per exemple, un port segur (https) amb una ubicació no-segura (d'url https).",
    "error_probably_no_tai" : "No s'ha pogut autenticar amb el sistema remot. És el cas en el que s'ha inhabilitat la Basic Auth TAI (Trust Association Intercepter) en el host destí. Consulteu la documentació DXSync per saber com connectar-ho.",

    "config_section_basic" : "Bàsic",
    "config_section_advanced" : "Avançat",
    "config_host_desc" : "Nom d'amfitrió",
    "config_user_desc" : "Nom d'usuari",
    "config_pass_desc" : "Contrasenya",
    "config_contenthandler_desc" : "Camí d'accés a la miniaplicació del gestor de continguts",
    "config_port_desc" : "Port",
    "config_theme_desc" : "Tema",
    "config_syncinterval_desc" : "Interval en minuts de la sincronització en segon pla",
    "config_connections_desc" : "Nombre de connexions remotes simultànies",
    "config_filter_desc" : "Expressió regular per ignorar fitxers",
    "config_secure_desc" : "Connexió segura (https)?",

    "webdav_request_canceled" : "Sol·licitud WebDAV interrompuda a causa d'una sol·licitud de cancel·lació.",
    "webdav_retry_success" : "S'ha resolt correctament el problema detectat prèviament per a '%s' després de provar-ho %s vegades.",
    "webdav_invalid_url" : "URL no vàlid (%s): no es pot trobar l'esquema",

    "watcher_restart" : "Reinicia la sincronització de temes (l'ordre de canvi de nom ha fallat per a %s)",
    "watcher_restart2" : "Reinicia la sincronització de temes (no s'ha pogut trobar el gestor pel camí d'accés #1 ? %s)",
    "watcher_restart3" : "Reinicia la sincronització de temes (no s'ha pogut trobar el gestor pel camí d'accés #2 ? %s)",
    "watcher_stateexception" : "UnknownStateException:\npath: %s\nwatchedPath: %\nstartDir: %s",
    "watcher_windows_1" : "A causa de les limitacions de plataforma al Windows (gestió del gestor Obre fitxer), no s'admet la supressió de directoris mentre es comproven els fitxers.",
    "watcher_windows_2" : "Per suprimir una carpeta mentre es comproven fitxers, utilitzeu un altre sistema operatiu com ara OSX o Linux. Al Windows, atureu la comprovació, suprimiu la carpeta i reinicie el procés.\n",
    "watcher_unable_1" : "No es poden comprovar fitxers perquè falta el mòdul pathwatcher. Instal·leu el mòdul des de l'origen sense l'indicador --use-pre-compiled.",
    "watcher_unable_2" : "Proporcioneu comentaris a l'autor d'aquest mòdul sobre les dependències compilades prèviament que falten.",
    "watcher_unable_3" : "La informació del vostre sistema: %s (Platform) / %s (Architecture)\n",
    "watcher_win_toomany_folders" : "No es pot comprovar el directori '%s' a causa d'un error no resolt en un component de requisit previ.\nConsulteu https://github.com/atom/node-pathwatcher/issues/70 per obtenir més informació.",
    "watcher_win_toomany_folders_start" : "No es poden comprovar els següents directoris a causa d'un error no resolt en un component de requisit previ.\nConsulteu https://github.com/atom/node-pathwatcher/issues/70 per obtenir més informació.",
    "watcher_forcewatch_info" : "Si necessiteu comprovar un dels directoris anteriors en lloc d'uns altres, podeu utilitzar la configuració 'forceWatch'. Simplement s'ha d'afegir l'element forceWatch al fitxer de configuració ubicat a %s. El valor és una matriu de directoris per forçar la comprovació. Exemple: \"forceWatch\": [\"/example/directory\"]",

    "sync_idle" : "Actiu...",
    "sync_background_start" : "La pròxima sincronització d'iniciarà d'aquí a %d minuts...",
    "sync_background_disabled" : "S'ha inhabilitat la sincronització en segon pla.",
    "sync_invalid_mode" : "S'ha passat una variable de modalitat no vàlida.",
    "sync_2way_phase_1" : "S'ha iniciat la sincronització bidireccional... Fase 1...",
    "sync_2way_notification" : "S'ha iniciat la sincronització bidireccional",
    "sync_push_phase_1" : "S'estan carregant els fitxers actualitzats... Fase 1...",
    "sync_push_notification" : "S'estan carregant els fitxers actualitzats",
    "sync_pull_phase_1" : "S'estan descarregant els fitxers actualitzats... Fase 1...",
    "sync_pull_notification" : "S'estan descarregant els fitxers actualitzats",
    "sync_notification_subtitle" : "Espereu abans d'aplicar actualitzacions addicionals.",
    "sync_phase2" : "Fase 2...",
    "sync_complete" : "Ha finalitzat la sincronització.",
    "sync_complete_subtitle" : "Torna a ser segur aplicar canvis al fitxer.",
    "sync_complete_subtitle2" : "\nS'estan comprovant els fitxers per cercar-hi canvis...",
    "sync_notification_generic_error" : "S'ha produït un error %s a %s [%s]",
    "sync_notification_multiple_error" : "S'han produït diversos errors %s intentant %s [%s]",
    "sync_error_command_create" : "crea",
    "sync_error_command_delete" : "suprimeix",
    "sync_error_command_update" : "actualitza",
    "sync_error_command_move" : "mou",
    "sync_notification_sync_complete" : "Ha finalitzat la sincronització [%s]",
    "sync_notification_upload_complete" : "Ha finalitzat la càrrega [%s]",
    "sync_notification_upload_error" : "S'ha produït un error %s en actualitzar [%s]",
    "sync_notification_download_complete" : "Ha finalitzat la descàrrega [%s]",
    "sync_notification_delete_complete" : "Ha finalitzat la supressió [%s]",
    "sync_notification_deletelocal_complete" : "Fitxer local suprimit [%s]",
    "sync_notification_merge_complete" : "S'ha resolt el conflicte de fusió [%s]",
    "sync_notification_no_update" : "No cal actualitzar [%s]",
    "sync_notification_merge_conflict" : "Conflicte de fusió [%s]",
    "sync_notification_rename_complete" : "Ha finalitzat el canvi de nom",
    "sync_notification_rename_data_complete" : "Ha finalitzat el canvi de nom: %s => %s",
    "sync_notification_move_complete" : "Ha finalitzat el desplaçament",
    "sync_notification_move_data_complete" : "Ha finalitzat el desplaçament: %s => %s",
    "sync_dir_created" : "Ha finalitzat la creació de directoris: %s",
    "sync_upload_skip" : "S'està ometent la càrrega del fitxer a causa d'un conflicte de fusió pendent: %s",
    "sync_upload_start" : "S'està carregant el fitxer: %s",
    "sync_upload_complete" : "Ha finalitzat la càrrega de fitxers: %s",
    "sync_delete_dir_skip" : "S'està ometent la supressió del directori remot a causa d'un conflicte de fusió pendent: %s",
    "sync_delete_file_skip" : "S'està ometent la supressió del fitxer remot a causa d'un conflicte de fusió pendent: %s",
    "sync_delete_dir_complete" : "Ha finalitzat la supressió de directoris: %s",
    "sync_delete_file_complete" : "Ha finalitzat la supressió de fitxers: %s",
    "sync_delete_localfile_cancel" : "S'ha interromput la supressió de fitxers local a causa d'una sol·licitud de cancel·lació.",
    "sync_delete_localfile_skip" : "S'està ometent la supressió del fitxer local a causa d'un conflicte de fusió pendent: %s",
    "sync_write_cancel" : "S'ha interromput l'escriptura de fitxers a causa d'una sol·licitud de cancel·lació.",
    "sync_download_complete" : "Ha finalitzat la descàrrega de fitxers: %s",
    "sync_resolve_cancel" : "S'ha interromput la resolució del conflicte a causa d'una sol·licitud de cancel·lació.",
    "sync_resolve_complete" : "S'ha resolt el conflicte de fusió de %s",
    "sync_resolve_unknown_action" : "Acció desconeguda %s",
    "sync_sync_upload_skip" : "S'està ometent la càrrega de fitxers %s",
    "sync_sync_delete_skip" : "S'està ometent la supressió de fitxers %s",
    "sync_sync_download_skip" : "S'està ometent la descàrrega de fitxers %s",
    "sync_merge_help_1" : "Per resoldre el conflicte, fusioneu els fitxers. Un cop fusionats, canvie el nom de '%s' a '%s'.",
    "sync_merge_help_2" : "Això farà que el sistema resolgui el conflicte i carregui el fitxer resolt.",
    "sync_merge_help_deleted_remotely_1" : "Per resoldre el conflicte, teniu dues opcions:",
    "sync_merge_help_deleted_remotely_2" : "1) Resoldre'l amb la supressió. També se suprimiran els fitxers localment.",
    "sync_merge_help_deleted_remotely_3" : "   Això es pot aconseguir canviant el nom de '%s' a '%s'.",
    "sync_merge_help_deleted_remotely_4" : "2) Resoldre'l amb remot. Descarrega el fitxer remot.",
    "sync_merge_help_deleted_remotely_5" : "   Això es pot aconseguir canviant el nom de '%s' a '%s'.",
    "sync_merge_help_deleted_remotely_6" : "Això farà que el sistema resolgui el conflicte.",
    "sync_merge_help_deleted_locally_1" : "Per resoldre el conflicte, teniu dues opcions:",
    "sync_merge_help_deleted_locally_2" : "1) Resoldre'l amb la supressió. També se suprimiran els fitxers localment.",
    "sync_merge_help_deleted_locally_3" : "   Això es pot aconseguir canviant el nom de '%s' a '%s'.",
    "sync_merge_help_deleted_locally_4" : "2) Resoldre'l amb remot. Descarrega el fitxer remot.",
    "sync_merge_help_deleted_locally_5" : "   Això es pot aconseguir canviant el nom de '%s' a '%s'.",
    "sync_merge_help_deleted_locally_6" : "Això farà que el sistema resolgui el conflicte.",
    "sync_conflict_local_deleted_1" : "Cal intervenció manual per a %s",
    "sync_conflict_local_deleted_2" : "El fitxer s'ha suprimit i s'ha actualitzat localment al servidor remot. No es pot determinar si s'ha de descarregar el fitxer remot o suprimir-lo.",
    "sync_conflict_local_deleted_3" : "S'està descarregant el fitxer com a %s",
    "sync_conflict_remote_deleted_1" : "Cal intervenció manual per a %s",
    "sync_conflict_remote_deleted_2" : "El fitxer s'ha suprimit de manera remota i s'ha actualitzat de manera local. No es pot determinar si s'ha de carregar o suprimir el fitxer actualitzat.",
    "sync_conflict_both_1" : "Fusió manual necessària per a %s",
    "sync_conflict_both_2" : "El fitxer s'ha actualitzat localment al servidor remot.",
    "sync_conflict_both_3" : "S'està descarregant el fitxer com a %s",
    "sync_conflict_outstanding" : "Conflicte de fusió pendent de %s",
    "sync_event_add_dir" : "Creació de directoris reconeguda: %s",
    "sync_event_add_file" : "Creació de fitxers reconeguda: %s",
    "sync_event_delete_dir" : "Eliminació de directoris reconeguda: %s",
    "sync_event_delete_file" : "Eliminació de fitxers reconeguda: %s",
    "sync_event_rename_dir" : "Canvi de nom/desplaçament de directoris reconegut: %s",
    "sync_event_rename_file" : "Canvi de nom/desplaçament de fitxers reconegut: %s",
    "sync_event_change_file" : "Canvi de fitxer reconegut: %s",
    "sync_rename_skip" : "S'està ometent el canvi de nom del fitxer local a causa d'un conflicte de fusió pendent: %s",
    "sync_start_watching" : "S'estan comprovant els fitxers a '%s' per cercar-hi canvis...",

    "sync_ignore_rename" : "S'ignora el canvi de nom perquè el fitxer destí '%s' coincideix amb els criteris de fitxer ocult.",
    "watcher_ignore_delete" : "S'ignora l'eliminació de fitxer perquè el fitxer destí '%s' coincideix amb els criteris de fitxer ocult.",

    "sync_report" : "Informe de sincronització:\nTotal      : %d\nCarregat   : %d\nDescarregat : %d\nSuprimit    : %d / %d (Local/Remot)\nConflictes  : %d / %d (Resolt)\nSense acció  : %d\nErrors     : %d\n",
    "sync_error_happened" : "S'han produït errors durant la sincronització."

}

