{
    "program_title" : "HCL Digital Experience File Sync v%s",
    "program_help_1" : "Tämä apuohjelma synkronoi HCL Portal -teeman ja paikallisen hakemiston väliset WebDAV-resurssit.",
    "program_help_2" : "Näin teeman kehittäjän on helppo käsitellä tiedostoja paikallisesti haluamallaan muokkausohjelmalla.",
    "program_help_3" : "Kun paikalliset tiedostot päivittyvät, ne siirtyvät automaattisesti etäpalvelimeen.",
    "program_help_4" : "Lisätietoja on oheisessa readme.txt-tiedostossa\n",
    "program_help_5" : "Komento-ohje:\ndxsync.sh <valitsimet> <command>\n",
    "program_help_6" : "Käytettävissä olevat komennot:",
    "program_help_7" : "init\n    Alustaa teeman nykyisessä paikallisessa hakemistossa",
    "program_help_8" : "run\n    Ajaa kaksisuuntaisen synkronoinnin ja pitää prosessin aktiivisena taustalla seuraamassa mahdollisia tiedostomuutoksia",
    "program_help_9" : "pull\n    Aloittaa yksisuuntaisen synkronoinnin, jossa kaikki päivitetyt tiedostot latautuvat etäpalvelimesta",
    "program_help_10" : "push\n    Aloittaa yksisuuntaisen synkronoinnin, jossa kaikki päivitetyt tiedostot siirtyvät etäpalvelimeen (etäkohteen muutokset korvautuvat)\n",
    "program_help_11" : "Käytettävissä olevat valitsimet:",
    "program_help_12" : "--debug\n    Ottaa käyttöön vianmääritystilan oletusasetuksin (taso: finer, kaikki metodit ja tiedostot)",
    "program_help_13" : "--debug-finest\n    Asettaa käyttöön jäljitystason finest\n",
    "log_file_location" : "Toiminto kirjoittaa seuraavan lokitiedoston: %s/.dxsync.log",
    "log_file_location2" : "Lokitiedoston sijainti on seuraava: %s",
    "sigint" : "Prosessi keskeytyy.",
    "uncaught_exception" : "Sieppaamaton poikkeus",
    "unrecognized_command" : "Tuntematon komento: %s",
    "unrecognized_option" : "Tuntematon valitsin: %s",
    "too_many_commands" : "Liian monta komentoa: %s",
    "setup_1" : "Tämän komennon avulla luot teeman uuden synkronointikohdan",
    "setup_2" : "nykyiseen hakemistoon %s.\n",
    "setup_3" : "Muodosta yhteys HCL Portal -etäilmentymään noudattamalla kehotteiden ohjeita.",
    "setup_connecting" : "Yhteyden muodostus etäpalvelimeen on meneillään...",
    "setup_themes_found" : "Järjestelmä löysi seuraavassa mainitut teemat. Valitse niistä se, johon haluat muodostaa yhteyden:",
    "setup_theme_desc" : "Anna numero 1 - %d",
    "list_themes" : "Teemat noudetaan kohteesta %s",
    "list_themes_none" : "Kohdepalvelimesta ei löytynyt teemoja.",
    "setup_abort" : "Alustus peruuntuu.",
    "setup_success1" : "Teeman synkronoinnin määritys onnistui.",
    "setup_success2" : "Voit nyt ajaa synkronoinnin run-komennon avulla.",
    "print_config" : "Kokoonpano:",
    "error_loading_config" : "Dxsync-asetusten lataus ei onnistu tässä hakemistossa. Aja ensin komento dxsync.sh init.",
    "error_host" : "Yhteyden muodostus pääkoneeseen ei onnistu.",
    "error_refused" : "Yhteys on hylätty.",
    "error_not_found" : "Pyydettyä objektia ei löytynyt.",
    "error_unauthorized" : "Ei käyttöoikeuksia. Käyttäjätunnus tai salasana on virheellinen.",
    "error_wrong_protocol" : "Väärä käytäntö. Tämä ilmenee yleensä, jos yhteyden muodostuksessa palvelimeen käytetään väärää porttia. Esimerkki: suojaamaton (http) portti ja suojattu sijainti (https url).",
    "error_connection_reset" : "Yhteys on nollattu. Tämä ilmenee yleensä, jos yhteyden muodostuksessa palvelimeen käytetään väärää porttia. Esimerkki: suojattu (https) portti ja suojaamaton sijainti (http url).",
    "error_probably_no_tai" : "Etäjärjestelmän todennus ei onnistu. Tämä ilmenee yleensä, jos Basic Auth TAI (Trust Association Intercepter) ei ole käytössä kohdepääkoneessa. Lisätietoja todennuksen käyttöönotosta on DXSync-ohjeissa.",

    "config_section_basic" : "Perusasetukset",
    "config_section_advanced" : "Lisäasetukset",
    "config_host_desc" : "Pääkoneen nimi",
    "config_user_desc" : "Käyttäjätunnus",
    "config_pass_desc" : "Salasana",
    "config_contenthandler_desc" : "Sisällön käsittelytoiminnon palvelinsovelman polku",
    "config_port_desc" : "Portti",
    "config_theme_desc" : "Teema",
    "config_syncinterval_desc" : "Taustasynkronoinnin aikaväli minuutteina",
    "config_connections_desc" : "Samanaikaisten etäyhteyksien määrä",
    "config_filter_desc" : "Tiedostojen ohituksessa käytettävä säännöllinen lauseke",
    "config_secure_desc" : "Suojattu yhteys (https)?",

    "webdav_request_canceled" : "WebDAV-pyyntö on keskeytynyt peruutuspyynnön takia.",
    "webdav_retry_success" : "Kohteeseen %s liittyvä aiempi ongelma on ratkennut %s yrityskerran jälkeen.",
    "webdav_invalid_url" : "URL-osoite (%s) on virheellinen - skeemaa ei löydy",

    "watcher_restart" : "Aloita teeman synkronointi uudelleen (kohteen %s uudelleennimeämiskomento epäonnistui)",
    "watcher_restart2" : "Aloita teeman synkronointi uudelleen (käsittelytoimintoa ei löytynyt polusta numero 1 ? %s)",
    "watcher_restart3" : "Aloita teeman synkronointi uudelleen (käsittelytoimintoa ei löytynyt polusta numero 2 ? %s)",
    "watcher_stateexception" : "Tuntematon tilaan liittyvä poikkeus:\npolku: %s\ntarkkailtava polku: %\naloitushakemisto: %s",
    "watcher_windows_1" : "Windows-ympäristön (avoimien tiedostojen käsittelyyn liittyvien) rajoitusten vuoksi hakemistoja ei voi poistaa tiedostojen tarkkailun aikana.",
    "watcher_windows_2" : "Jos haluat poistaa kansion tarkkailun aikana, käytä esimerkiksi OSX- tai Linux-käyttöjärjestelmää. Jos käytät Windows-järjestelmää, pysäytä tarkkailu, poista kansio ja aloita prosessi sitten uudelleen.\n",
    "watcher_unable_1" : "Tiedostojen tarkkailu ei onnistu, koska pathwatcher-moduuli puuttuu. Asenna moduuli lähdekoodista ilman määritettä --use-pre-compiled.",
    "watcher_unable_2" : "Anna tämän moduulin kehittäjälle palautetta puuttuvista esikäännetyistä riippuvuuksista.",
    "watcher_unable_3" : "Järjestelmän tiedot: %s (käyttöympäristö) / %s (arkkitehtuuri)\n",
    "watcher_win_toomany_folders" : "Hakemiston %s tarkkailu ei onnistu, koska esivaatimuksena olevassa komponentissa on korjaamaton virhe.\nLisätietoja on osoitteessa https://github.com/atom/node-pathwatcher/issues/70.",
    "watcher_win_toomany_folders_start" : "Seuraavien hakemistojen tarkkailu ei onnistu, koska esivaatimuksena olevassa komponentissa on korjaamaton virhe.\nLisätietoja on osoitteessa https://github.com/atom/node-pathwatcher/issues/70.",
    "watcher_forcewatch_info" : "Jos haluat edellä mainittuja hakemistoja tarkkailtavan joidenkin muiden sijasta, voit käyttää asetusta forceWatch. Lisää forceWatch-elementti asetustiedostoon polussa %s. Arvoksi annetaan hakemistojono, jonka tarkkailu määritetään pakotetuksi. Esimerkki: \"forceWatch\": [\"/esimerkki/hakemisto\"]",

    "sync_idle" : "Lepotilassa...",
    "sync_background_start" : "Seuraava synkronointi alkaa %d minuutin kuluttua...",
    "sync_background_disabled" : "Taustasynkronointi on poissa käytöstä.",
    "sync_invalid_mode" : "On välitetty virheellinen tilan muuttuja.",
    "sync_2way_phase_1" : "Kaksisuuntainen synkronointi on aloitettu... vaihe 1...",
    "sync_2way_notification" : "Kaksisuuntainen synkronointi on aloitettu",
    "sync_push_phase_1" : "Meneillään on päivitettyjen tiedostojen siirto palvelimeen... vaihe 1...",
    "sync_push_notification" : "Päivitettyjen tiedostojen siirto palvelimeen",
    "sync_pull_phase_1" : "Meneillään on päivitettyjen tiedostojen lataus... vaihe 1...",
    "sync_pull_notification" : "Päivitettyjen tiedostojen lataus",
    "sync_notification_subtitle" : "Odota, ennen kuin teet lisää päivityksiä.",
    "sync_phase2" : "Vaihe 2...",
    "sync_complete" : "Synkronointi on valmis.",
    "sync_complete_subtitle" : "Nyt voit taas tehdä tiedostomuutoksia.",
    "sync_complete_subtitle2" : "\nTiedostojen tarkkailu muutosten varalta on meneillään...",
    "sync_notification_generic_error" : "Virhe %s yritettäessä seuraavaa: %s [%s]",
    "sync_notification_multiple_error" : "Useita virheitä %s yritettäessä seuraavaa: %s [%s]",
    "sync_error_command_create" : "luonti",
    "sync_error_command_delete" : "poisto",
    "sync_error_command_update" : "päivitys",
    "sync_error_command_move" : "siirto",
    "sync_notification_sync_complete" : "Synkronointi on valmis - [%s]",
    "sync_notification_upload_complete" : "Siirto on valmis - [%s]",
    "sync_notification_upload_error" : "Virhe %s siirron yhteydessä - [%s]",
    "sync_notification_download_complete" : "Lataus on valmis - [%s]",
    "sync_notification_delete_complete" : "Poisto on valmis - [%s]",
    "sync_notification_deletelocal_complete" : "Paikallinen tiedosto on poistettu - [%s]",
    "sync_notification_merge_complete" : "Yhdistämisristiriita on selvitetty - [%s]",
    "sync_notification_no_update" : "Päivitys ei ole tarpeen - [%s]",
    "sync_notification_merge_conflict" : "Yhdistämisristiriita - [%s]",
    "sync_notification_rename_complete" : "Uudelleennimeäminen on valmis",
    "sync_notification_rename_data_complete" : "Uudelleennimeäminen on valmis: %s => %s",
    "sync_notification_move_complete" : "Siirto on valmis",
    "sync_notification_move_data_complete" : "Siirto on valmis: %s => %s",
    "sync_dir_created" : "Hakemiston luonti on valmis: %s",
    "sync_upload_skip" : "Tiedoston siirto palvelimeen ohitetaan selvittämättömän yhdistämisristiriidan takia: %s",
    "sync_upload_start" : "Tiedoston siirto palvelimeen: %s",
    "sync_upload_complete" : "Tiedoston siirto palvelimeen on valmis: %s",
    "sync_delete_dir_skip" : "Etähakemiston poisto ohitetaan selvittämättömän yhdistämisristiriidan takia: %s",
    "sync_delete_file_skip" : "Etätiedoston poisto ohitetaan selvittämättömän yhdistämisristiriidan takia: %s",
    "sync_delete_dir_complete" : "Hakemiston poisto on valmis: %s",
    "sync_delete_file_complete" : "Tiedoston poisto on valmis: %s",
    "sync_delete_localfile_cancel" : "Paikallisen tiedoston poisto on keskeytynyt peruutuspyynnön takia.",
    "sync_delete_localfile_skip" : "Paikallisen tiedoston poisto ohitetaan selvittämättömän yhdistämisristiriidan takia: %s",
    "sync_write_cancel" : "Paikallisen tiedoston kirjoitus on keskeytynyt peruutuspyynnön takia.",
    "sync_download_complete" : "Tiedoston lataus on valmis: %s",
    "sync_resolve_cancel" : "Ristiriidan selvitys on keskeytynyt peruutuspyynnön takia.",
    "sync_resolve_complete" : "Kohteeseen %s liittyvä yhdistämisristiriita on selvitetty",
    "sync_resolve_unknown_action" : "Tuntematon toiminto %s",
    "sync_sync_upload_skip" : "Tiedoston %s siirto palvelimeen ohitetaan",
    "sync_sync_delete_skip" : "Tiedoston %s poisto ohitetaan",
    "sync_sync_download_skip" : "Tiedoston %s lataus ohitetaan",
    "sync_merge_help_1" : "Ratkaise ristiriita yhdistämällä tiedostot. Anna sitten tiedoston %s uudeksi nimeksi %s.",
    "sync_merge_help_2" : "Tämän jälkeen järjestelmä selvittää ristiriidan ja siirtää korjatun tiedoston palvelimeen.",
    "sync_merge_help_deleted_remotely_1" : "Voit ratkaista ristiriidan jommallakummalla seuraavista tavoista:",
    "sync_merge_help_deleted_remotely_2" : "1) Ratkaisu poistamalla: tämä poistaa myös paikallisen tiedoston.",
    "sync_merge_help_deleted_remotely_3" : "   Tämä ratkaisu toteutetaan antamalla tiedostolle %s uudeksi nimeksi %s.",
    "sync_merge_help_deleted_remotely_4" : "2) Ratkaisu etäjärjestelmän avulla: lataa etätiedosto.",
    "sync_merge_help_deleted_remotely_5" : "   Tämä ratkaisu toteutetaan antamalla tiedostolle %s uudeksi nimeksi %s.",
    "sync_merge_help_deleted_remotely_6" : "Tämän jälkeen järjestelmä selvittää ristiriidan.",
    "sync_merge_help_deleted_locally_1" : "Voit ratkaista ristiriidan jommallakummalla seuraavista tavoista:",
    "sync_merge_help_deleted_locally_2" : "1) Ratkaisu poistamalla: tämä poistaa myös paikallisen tiedoston.",
    "sync_merge_help_deleted_locally_3" : "   Tämä ratkaisu toteutetaan antamalla tiedostolle %s uudeksi nimeksi %s.",
    "sync_merge_help_deleted_locally_4" : "2) Ratkaisu etäjärjestelmän avulla: lataa etätiedosto.",
    "sync_merge_help_deleted_locally_5" : "   Tämä ratkaisu toteutetaan antamalla tiedostolle %s uudeksi nimeksi %s.",
    "sync_merge_help_deleted_locally_6" : "Tämän jälkeen järjestelmä selvittää ristiriidan.",
    "sync_conflict_local_deleted_1" : "Kohde %s edellyttää manuaalisia toimia",
    "sync_conflict_local_deleted_2" : "Tiedosto on poistettu paikallisjärjestelmästä ja sen kopiota etäpalvelimessa on päivitetty. Järjestelmä ei pysty selvittämään, tuleeko sen ladata päivitetty etätiedosto vai poistaa se.",
    "sync_conflict_local_deleted_3" : "Tiedosto ladataan ja sille annetaan nimi %s",
    "sync_conflict_remote_deleted_1" : "Kohde %s edellyttää manuaalisia toimia",
    "sync_conflict_remote_deleted_2" : "Tiedosto on poistettu etäkohteesta ja sen paikallista kopiota on päivitetty. Järjestelmä ei pysty selvittämään, tuleeko sen siirtää päivitetty tiedosto palvelimeen vai poistaa se.",
    "sync_conflict_both_1" : "Kohde %s edellyttää manuaalista yhdistämistä",
    "sync_conflict_both_2" : "Tiedostoa on päivitetty sekä paikallisjärjestelmässä että etäpalvelimessa.",
    "sync_conflict_both_3" : "Tiedosto ladataan ja sille annetaan nimi %s",
    "sync_conflict_outstanding" : "Kohteeseen %s liittyy selvittämätön yhdistämisristiriita",
    "sync_event_add_dir" : "Havaittu hakemiston luonti: %s",
    "sync_event_add_file" : "Havaittu tiedoston luonti: %s",
    "sync_event_delete_dir" : "Havaittu hakemiston poisto: %s",
    "sync_event_delete_file" : "Havaittu tiedoston poisto: %s",
    "sync_event_rename_dir" : "Havaittu hakemiston uudelleennimeäminen/siirto: %s",
    "sync_event_rename_file" : "Havaittu tiedoston uudelleennimeäminen/siirto: %s",
    "sync_event_change_file" : "Havaittu tiedoston muutos: %s",
    "sync_rename_skip" : "Paikallisen tiedoston uudelleennimeäminen ohitetaan selvittämättömän yhdistämisristiriidan takia: %s",
    "sync_start_watching" : "Kohteen %s tiedostojen tarkkailu muutosten varalta on meneillään...",

    "sync_ignore_rename" : "Tiedoston uudelleennimeäminen ohitetaan, koska kohdetiedosto %s täyttää piilotetulle tiedostolle annetut ehdot.",
    "watcher_ignore_delete" : "Tiedoston poisto ohitetaan, koska kohdetiedosto %s täyttää piilotetulle tiedostolle annetut ehdot.",

    "sync_report" : "Synkronointiraportti:\nYhteensä: %d\nSiirretty palvelimeen: %d\nLadattu: %d\nPoistettu: %d / %d (paikallinen/etäkohde)\nRistiriitoja: %d/%d (selvitetty)\nEi toimia: %d\nVirheitä: %d\n",
    "sync_error_happened" : "Synkronoinnissa on ilmennyt virheitä."

}

