{
    "program_title" : "HCL Digital Experience File Sync v%s",
    "program_help_1" : "이 유틸리티는 HCL Portal 테마에 대한 WebDAV 자원을 로컬 디렉토리와 동기화합니다.",
    "program_help_2" : "이 유틸리티를 사용하면 테마 개발자가 고유의 즐겨찾기 편집기를 사용하여 해당 파일에 대한 작업을 로컬로 쉽게 수행할 수 있습니다.",
    "program_help_3" : "로컬로 업데이트할 때 파일은 원격 서버에 자동으로 업로드됩니다.",
    "program_help_4" : "첨부된 readme.txt에서 추가 정보를 찾을 수 있습니다.\n",
    "program_help_5" : "명령 도움말:\ndxsync.sh <options> <command>\n",
    "program_help_6" : "사용 가능한 명령:",
    "program_help_7" : "init\n    현재 로컬 디렉토리 내에서 테마를 초기화합니다.",
    "program_help_8" : "run\n    양방향 동기화를 실행하고 프로세스를 백그라운드에서 활성 상태로 유지하여 파일 변경사항을 감시합니다.",
    "program_help_9" : "pull\n    단방향 동기화가 원격 시스템에서 업데이트된 모든 파일을 다운로드하게 됩니다.",
    "program_help_10" : "push\n    단방향 동기화가 원격 시스템에 업데이트된 모든 파일을 업로드(원격 변경사항 겹쳐쓰기)하게 됩니다.\n",
    "program_help_11" : "사용 가능한 옵션:",
    "program_help_12" : "--debug\n    기본값(레벨: finer, 모든 메소드 및 파일)을 사용하여 디버그 모드를 사용으로 설정합니다.",
    "program_help_13" : "--debug-finest\n    추적 레벨을 finest로 설정합니다.\n",
    "log_file_location" : "로그 파일이 %s/.dxsync.log에 기록됩니다.",
    "log_file_location2" : "로그 파일 위치: %s",
    "sigint" : "프로세스를 인터럽트합니다. 종료합니다.",
    "uncaught_exception" : "발견되지 않은 예외",
    "unrecognized_command" : "인식되지 않은 명령: %s",
    "unrecognized_option" : "인식되지 않은 옵션: %s",
    "too_many_commands" : "너무 많은 명령: %s",
    "setup_1" : "이 명령을 사용하여 현재 디렉토리 '%s'에 새 테마 동기화",
    "setup_2" : "지점을 작성합니다.\n",
    "setup_3" : "프롬프트를 따라 원격 HCL Portal 인스턴스에 연결하십시오.",
    "setup_connecting" : "원격 서버에 연결 중...",
    "setup_themes_found" : "다음 테마를 찾았습니다. 연결하려는 테마를 선택하십시오.",
    "setup_theme_desc" : "1에서 %d 사이의 숫자 입력",
    "setup_theme_exists" : "Interrupting setup process as your synchronization point is already connected to a theme. If you wish to synchronize another theme please create a new directory and start the setup process there, or copy the .settings file manually.",
    "list_themes" : "%s에서 테마 페치 중",
    "list_themes_none" : "대상 서버에서 테마를 찾을 수 없습니다.",
    "setup_abort" : "초기화를 중단합니다.",
    "setup_success1" : "테마 동기화가 설정되었습니다.",
    "setup_success2" : "'run' 명령을 사용하여 동기화를 실행할 준비가 되었습니다.",
    "print_config" : "구성:",
    "error_loading_config" : "이 디렉토리에 dxsync 설정을 로드할 수 없습니다. 먼저 'dxsync.sh init'를 실행하십시오.",
    "error_host" : "호스트에 연결할 수 없습니다.",
    "error_refused" : "연결이 거부되었습니다.",
    "error_not_found" : "요청된 항목을 찾을 수 없습니다.",
    "error_unauthorized" : "권한이 없습니다. 사용자 이름 또는 비밀번호가 올바르지 않습니다.",

    "config_section_basic" : "기본사항",
    "config_section_advanced" : "고급",
    "config_host_desc" : "호스트 이름",
    "config_user_desc" : "Username",
    "config_pass_desc" : "Password",
    "config_contenthandler_desc" : "컨텐츠 핸들러 서블릿에 대한 경로",
    "config_port_desc" : "포트",
    "config_theme_desc" : "테마",
    "config_syncinterval_desc" : "백그라운드 동기화 간격(분)",
    "config_connections_desc" : "동시 원격 연결 수",
    "config_filter_desc" : "파일을 무시하기 위한 정규식입니다.",

    "webdav_request_canceled" : "취소 요청으로 인해 WebDAV 요청이 인터럽트되었습니다.",
    "webdav_retry_success" : "'%s'에 대해 이전에 찾은 문제점을 %s번 시도 후 해결했습니다.",
    "webdav_invalid_url" : "올바르지 않은 URL(%s) - 스키마를 찾을 수 없음",

    "watcher_restart" : "테마 동기화를 다시 시작했습니다! (%s에 대한 이름 바꾸기 명령 실패)",
    "watcher_restart2" : "테마 동기화를 다시 시작했습니다! (#1 ? %s 경로에서 핸들러를 찾을 수 없음)",
    "watcher_restart3" : "테마 동기화를 다시 시작했습니다! (#2 ? %s 경로에서 핸들러를 찾을 수 없음)",
    "watcher_stateexception" : "UnknownStateException:\npath: %s\nwatchedPath: %\nstartDir: %s",
    "watcher_windows_1" : "Windows에서는 플랫폼 제한사항(열린 파일 핸들 처리)으로 인해 파일 감시 중에 디렉토리 삭제가 지원되지 않습니다.",
    "watcher_windows_2" : "감시 중에 폴더를 삭제하려면 OSX 또는 Linux와 같은 다른 운영 체제를 사용하십시오. Windows에서는 감시를 중지하고 폴더를 삭제한 후 프로세스를 다시 시작하십시오.\n",
    "watcher_unable_1" : "경로 감시자 모듈 누락으로 인해 파일을 감시할 수 없습니다. --use-pre-compiled 플래그 없이 소스에서 모듈을 설치하십시오.",
    "watcher_unable_2" : "이 모듈의 작성자에게 누락된 사전 컴파일된 종속성에 대한 피드백을 제공하십시오.",
    "watcher_unable_3" : "시스템 정보: %s(플랫폼)/%s(아키텍처)\n",
    "watcher_win_toomany_folders" : "전제조건 컴포넌트의 해결되지 않은 버그로 인해 '%s' 디렉토리를 감시할 수 없습니다.\n자세한 정보는 https://github.com/atom/node-pathwatcher/issues/70를 참조하십시오.",
    "watcher_win_toomany_folders_start" : "전제조건 컴포넌트의 해결되지 않은 버그로 인해 다음 디렉토리를 감시할 수 없습니다.\n자세한 정보는 https://github.com/atom/node-pathwatcher/issues/70를 참조하십시오.",
    "watcher_forcewatch_info" : "다른 사용자를 위해 위의 디렉토리를 감시해야 하는 경우 'forceWatch' 설정을 사용할 수 있습니다. %s에 있는 설정 파일에 forceWatch 요소를 추가하기만 하면 됩니다. 값은 감시를 강제 실행할 디렉토리의 배열입니다. 예제: \"forceWatch\": [\"/example/directory\"]",

    "sync_idle" : "유휴...",
    "sync_background_start" : "%d분 후에 다음 동기화가 시작됩니다.",
    "sync_background_disabled" : "백그라운드 동기화가 사용 안함으로 설정되었습니다.",
    "sync_invalid_mode" : "올바르지 않은 모드 변수가 전달되었습니다.",
    "sync_2way_phase_1" : "양방향 동기화가 시작됨... 1단계...",
    "sync_2way_notification" : "양방향 동기화가 시작됨",
    "sync_push_phase_1" : "업데이트된 파일 업로드 중... 1단계...",
    "sync_push_notification" : "업데이트된 파일 업로드 중",
    "sync_pull_phase_1" : "업데이트된 파일 다운로드 중... 1단계...",
    "sync_pull_notification" : "업데이트된 파일 다운로드 중",
    "sync_notification_subtitle" : "추가 업데이트를 수행하기 전에 잠시만 기다리십시오.",
    "sync_phase2" : "2단계...",
    "sync_complete" : "동기화가 완료되었습니다.",
    "sync_complete_subtitle" : "파일을 다시 변경하는 것이 안전합니다.",
    "sync_complete_subtitle2" : "\n파일 변경 감시 중...",
    "sync_notification_generic_error" : "오류 %s - %s 시도 중[%s]",
    "sync_notification_multiple_error" : "다중 오류 %s - %s 시도 중[%s]",
    "sync_error_command_create" : "create",
    "sync_error_command_delete" : "delete",
    "sync_error_command_update" : "update",
    "sync_error_command_move" : "move",
    "sync_notification_sync_complete" : "동기화 완료[%s]",
    "sync_notification_upload_complete" : "업로드 완료[%s]",
    "sync_notification_upload_error" : "업로드 중에 %s 오류 발생[%s]",
    "sync_notification_download_complete" : "다운로드 완료[%s]",
    "sync_notification_delete_complete" : "삭제 완료[%s]",
    "sync_notification_deletelocal_complete" : "로컬 파일이 삭제됨[%s]",
    "sync_notification_merge_complete" : "병합 충돌이 해결됨[%s]",
    "sync_notification_no_update" : "업데이트가 필요하지 않음[%s]",
    "sync_notification_merge_conflict" : "병합 충돌[%s]",
    "sync_notification_rename_complete" : "이름 바꾸기 완료",
    "sync_notification_rename_data_complete" : "이름 바꾸기 완료: %s => %s",
    "sync_notification_move_complete" : "이동 완료",
    "sync_notification_move_data_complete" : "이동 완료: %s => %s",
    "sync_dir_created" : "디렉토리 작성 완료: %s",
    "sync_upload_skip" : "미해결 병합 충돌로 인해 파일 업로드 생략 중: %s",
    "sync_upload_start" : "파일 업로드 중: %s",
    "sync_upload_complete" : "파일 업로드 완료: %s",
    "sync_delete_dir_skip" : "미해결 병합 충돌로 인해 원격 디렉토리 삭제 생략 중: %s",
    "sync_delete_file_skip" : "미해결 병합 충돌로 인해 원격 파일 삭제 생략 중: %s",
    "sync_delete_dir_complete" : "디렉토리 삭제 완료: %s",
    "sync_delete_file_complete" : "파일 삭제 완료: %s",
    "sync_delete_localfile_cancel" : "취소 요청으로 인해 로컬 파일 삭제가 인터럽트되었습니다.",
    "sync_delete_localfile_skip" : "미해결 병합 충돌로 인해 로컬 파일 삭제 생략 중: %s",
    "sync_write_cancel" : "취소 요청으로 인해 로컬 파일 쓰기가 인터럽트되었습니다.",
    "sync_download_complete" : "파일 다운로드 완료: %s",
    "sync_resolve_cancel" : "취소 요청으로 인해 충돌 해결이 인터럽트되었습니다.",
    "sync_resolve_complete" : "%s에 대한 병합 충돌이 해결됨",
    "sync_resolve_unknown_action" : "알 수 없는 조치 %s",
    "sync_sync_upload_skip" : "%s 파일 업로드 생략 중",
    "sync_sync_delete_skip" : "%s 파일 삭제 생략 중",
    "sync_sync_download_skip" : "%s 파일 다운로드 생략 중",
    "sync_merge_help_1" : "충돌을 해결하려면 파일을 병합하십시오. 병합되면 이름을 '%s'에서 '%s'(으)로 바꾸십시오.",
    "sync_merge_help_2" : "그러면 시스템에서 충돌을 해결하고 해결된 파일을 업로드합니다.",
    "sync_merge_help_deleted_remotely_1" : "충돌을 해결하기 위해 두 가지 항목 중 선택할 수 있습니다.",
    "sync_merge_help_deleted_remotely_2" : "1) 삭제를 통해 해결 - 파일을 로컬에서도 삭제합니다.",
    "sync_merge_help_deleted_remotely_3" : "   이름을 '%s'에서 '%s'(으)로 바꿔 달성할 수 있습니다.",
    "sync_merge_help_deleted_remotely_4" : "2) 원격으로 해결 - 원격 파일을 다운로드하십시오.",
    "sync_merge_help_deleted_remotely_5" : "   이름을 '%s'에서 '%s'(으)로 바꿔 달성할 수 있습니다.",
    "sync_merge_help_deleted_remotely_6" : "그러면 시스템에서 충돌을 해결합니다.",
    "sync_merge_help_deleted_locally_1" : "충돌을 해결하기 위해 두 가지 항목 중 선택할 수 있습니다.",
    "sync_merge_help_deleted_locally_2" : "1) 삭제를 통해 해결 - 파일을 로컬에서도 삭제합니다.",
    "sync_merge_help_deleted_locally_3" : "   이름을 '%s'에서 '%s'(으)로 바꿔 달성할 수 있습니다.",
    "sync_merge_help_deleted_locally_4" : "2) 원격으로 해결 - 원격 파일을 다운로드하십시오.",
    "sync_merge_help_deleted_locally_5" : "   이름을 '%s'에서 '%s'(으)로 바꿔 달성할 수 있습니다.",
    "sync_merge_help_deleted_locally_6" : "그러면 시스템에서 충돌을 해결합니다.",
    "sync_conflict_local_deleted_1" : "%s에 대해 수동 개입이 필요함",
    "sync_conflict_local_deleted_2" : "파일이 로컬에서 삭제되고 원격 서버에서 업데이트되었습니다. 업데이트된 원격 파일을 다운로드할지 또는 삭제할지 판별할 수 없습니다.",
    "sync_conflict_local_deleted_3" : "파일을 %s(으)로 다운로드 중",
    "sync_conflict_remote_deleted_1" : "%s에 대해 수동 개입이 필요함",
    "sync_conflict_remote_deleted_2" : "파일이 원격에서 삭제되고 로컬에서 업데이트되었습니다. 업데이트된 파일을 업로드할지 또는 삭제할지 판별할 수 없습니다.",
    "sync_conflict_both_1" : "%s에 대해 수동 병합이 필요함",
    "sync_conflict_both_2" : "파일이 로컬 및 원격 서버에서 업데이트되었습니다.",
    "sync_conflict_both_3" : "파일을 %s(으)로 다운로드 중",
    "sync_conflict_outstanding" : "%s에 대한 병합 충돌이 해결되지 않음",
    "sync_event_add_dir" : "디렉토리 작성 인식: %s",
    "sync_event_add_file" : "파일 작성 인식: %s",
    "sync_event_delete_dir" : "디렉토리 제거 인식: %s",
    "sync_event_delete_file" : "파일 제거 인식: %s",
    "sync_event_rename_dir" : "디렉토리 이름 바꾸기/이동 인식: %s",
    "sync_event_rename_file" : "파일 이름 바꾸기/이동 인식: %s",
    "sync_event_change_file" : "파일 변경 인식: %s",
    "sync_rename_skip" : "미해결 병합 충돌로 인해 로컬 파일 이름 바꾸기 생략 중: %s",
    "sync_start_watching" : "'%s'의 파일 변경 감시 중...",

    "sync_report" : "동기화 보고서:\n전체: %d\n업로드됨: %d\n다운로드됨: %d\n삭제됨: %d/%d(로컬/원격)\n충돌: %d/%d(해결됨)\n조치가 필요하지 않음: %d\n오류: %d\n",
    "sync_error_happened" : "동기화 중에 오류가 발생했습니다!"

}

