{
    "program_title" : "HCL Digital Experience File Sync v%s",
    "program_help_1" : "Met dit hulpprogramma worden de WebDAV-resources voor een HCL Portal-thema gesynchroniseerd met een lokale directory.",
    "program_help_2" : "Dit maakt het voor ontwikkelaars van thema's gemakkelijk om lokaal met de desbetreffende bestanden te werken in hun favoriete editor.",
    "program_help_3" : "Na lokaal te zijn bijgewerkt, worden de bestanden automatisch geüpload naar de server op afstand.",
    "program_help_4" : "Meer informatie hierover is te vinden in het bijgeleverde bestand readme.txt\n",
    "program_help_5" : "Help bij de opdracht:\ndxsync.sh <opties> <command>\n",
    "program_help_6" : "Beschikbare opdrachten:",
    "program_help_7" : "init\n    Een thema binnen de huidige lokale directory initialiseren",
    "program_help_8" : "run\n    Een 2-weg synchronisatie uitvoeren en het proces op de achtergrond actief houden om bestanden te volgen op wijzigingen",
    "program_help_9" : "pull\n    Een 1-weg synchronisatie uitvoeren om alle bijgewerkte bestanden te downloaden vanaf het systeem op afstand",
    "program_help_10" : "push\n    Een 1-weg synchronisatie uitvoeren om alle bijgewerkte bestanden te uploaden naar het systeem op afstand en niet-lokale wijzigingen te overschrijven\n",
    "program_help_11" : "Beschikbare opties:",
    "program_help_12" : "--debug\n    De werkstand Fouten Opsporen (debug) inschakelen met standaardinstellingen (niveau: fijner, alle methoden en bestanden)",
    "program_help_13" : "--debug-finest\n    Het traceerniveau instellen op fijnst\n",
    "log_file_location" : "Het logbestand wordt weggeschreven naar %s/.dxsync.log",
    "log_file_location2" : "Het logbestand is hier te vinden: %s",
    "sigint" : "Proces wordt onderbroken. Tot ziens.",
    "uncaught_exception" : "Niet-afgevangen uitzondering",
    "unrecognized_command" : "Niet-herkende opdracht: %s",
    "unrecognized_option" : "Niet-herkende optie: %s",
    "too_many_commands" : "Te veel opdrachten: %s",
    "setup_1" : "Met deze opdracht maakt u een nieuw synchronisatiepunt voor thema's in de",
    "setup_2" : "actieve directory '%s'.\n",
    "setup_3" : "Volg de aanwijzingen om verbinding te maken met de niet-lokale instance van HCL Portal.",
    "setup_connecting" : "Verbinding maken met de server op afstand...",
    "setup_themes_found" : "De volgende thema's zijn aangetroffen. Selecteer het thema waarmee u verbinding wilt maken:",
    "setup_theme_desc" : "Voer een getal tussen 1 en %d in",
    "list_themes" : "Thema's worden opgehaald uit %s",
    "list_themes_none" : "Er zijn geen thema's gevonden op de doelserver.",
    "setup_abort" : "Initialisatie wordt afgebroken.",
    "setup_success1" : "Instellen van themasynchronisatie is gelukt.",
    "setup_success2" : "U kunt de synchronisatie nu uitvoeren met de opdracht 'run'.",
    "print_config" : "Configuratie:",
    "error_loading_config" : "Instellingen van dxsync kunnen niet worden geladen in deze directory. Voer eerst 'dxsync.sh init' uit.",
    "error_host" : "Er kan geen verbinding worden gemaakt met de host.",
    "error_refused" : "Verbinding is geweigerd.",
    "error_not_found" : "Aangevraagde item is niet gevonden.",
    "error_unauthorized" : "Niet gemachtigd. Gebruikersnaam of wachtwoord is onjuist.",
    "error_wrong_protocol" : "Onjuist protocol. De oorzaak hiervan is in het algemeen het gebruik van een verkeerde poort bij het maken van een verbinding met de server. Bijvoorbeeld een niet-beveiligde (http-) poort naar een veilige locatie (https-url).",
    "error_connection_reset" : "De verbinding is gereset. De oorzaak hiervan is in het algemeen het gebruik van een verkeerde poort bij het maken van een verbinding met de server. Bijvoorbeeld een beveiligde (https-) poort naar een niet-veilige locatie (http-url).",
    "error_probably_no_tai" : "Verificatie met met systeem op afstand is niet mogelijk. Waarschijnlijk wordt dit veroorzaakt doordat de Basic Auth TAI (Trust Association Intercepter) uitgeschakeld is op de doelhost. Raadpleeg de DXSync-documentatie voor de wijze van inschakelen. ",

    "config_section_basic" : "Standaard",
    "config_section_advanced" : "Geavanceerd",
    "config_host_desc" : "Hostnaam",
    "config_user_desc" : "Gebruikersnaam",
    "config_pass_desc" : "Wachtwoord",
    "config_contenthandler_desc" : "Pad naar de contenthandlerservlet",
    "config_port_desc" : "Poort",
    "config_theme_desc" : "Thema",
    "config_syncinterval_desc" : "Interval (in minuten) voor de achtergrondsynchronisatie",
    "config_connections_desc" : "Aantal gelijktijdige verbindingen op afstand",
    "config_filter_desc" : "Expressie voor het negeren van bestanden",
    "config_secure_desc" : "Beveiligde verbinding (https)?",

    "webdav_request_canceled" : "WebDAV-aanvraag onderbroken als gevolg van annuleringsopdracht.",
    "webdav_retry_success" : "Eerder aangetroffen probleem voor '%s' is na %s pogingen opgelost.",
    "webdav_invalid_url" : "Ongeldige URL (%s) - schema is niet gevonden",

    "watcher_restart" : "Start themasynchronisatie opnieuw! (hernoemen is mislukt voor %s)",
    "watcher_restart2" : "Start themasynchronisatie opnieuw! (handler is niet gevonden in pad #1 ? %s)",
    "watcher_restart3" : "Start themasynchronisatie opnieuw! (handler is niet gevonden in pad #2 ? %s)",
    "watcher_stateexception" : "UnknownStateException:\npath: %s\nwatchedPath: %\nstartDir: %s",
    "watcher_windows_1" : "Als gevolg van platformbeperkingen onder Windows (afhandeling van Open File-handle) wordt het wissen van directory's niet ondersteund tijdens het volgen van bestanden.",
    "watcher_windows_2" : "Om een map te kunnen wissen terwijl er bestanden worden gevolgd, moet u een ander besturingssysteem gebruiken, zoals OSX of Linux. Onder Windows beëindigt u het volgen, wist u de map en start u het proces opnieuw.\n",
    "watcher_unable_1" : "Volgen van bestanden is niet mogelijk, want de module pathwatcher ontbreekt. Installeer de module vanaf de bron, zonder de vlag --use-pre-compiled",
    "watcher_unable_2" : "Stel de auteur van deze module op de hoogte van het feit dat de pre-compiled dependency's ontbreken.",
    "watcher_unable_3" : "Uw systeeminformatie: %s (Platform) / %s (Architectuur)\n",
    "watcher_win_toomany_folders" : "Directory '%s' kan niet worden gevolgd, want er is een onopgeloste bug in een vereiste component.\nZie https://github.com/atom/node-pathwatcher/issues/70 voor meer informatie.",
    "watcher_win_toomany_folders_start" : "De volgende directory's kunnen niet worden gevolgd, want er is een onopgeloste bug in een vereiste component.\nZie https://github.com/atom/node-pathwatcher/issues/70 voor meer informatie.",
    "watcher_forcewatch_info" : "Als u een van de bovenstaande directory's moet worden gevolgd ten gunste van anderen, kunt u daarvoor de instelling 'forceWatch' gebruiken. Voeg het element forceWatch eenvoudig toe aan het instellingenbestand in %s. De waarde is een array van directory's waarvoor het volgen moet worden afgedwongen. Voorbeeld: \"forceWatch\": [\"/voorbeeld/directory\"]",

    "sync_idle" : "Niet actief...",
    "sync_background_start" : "De volgende synchronisatie wordt over %d minuten gestart...",
    "sync_background_disabled" : "Achtergrondsynchronisatie uitgeschakeld.",
    "sync_invalid_mode" : "Ongeldige variabele voor modus doorgegeven.",
    "sync_2way_phase_1" : "2-wegsynchronisatie is gestart... Fase 1...",
    "sync_2way_notification" : "2-wegsynchronisatie is gestart",
    "sync_push_phase_1" : "Bijgewerkte bestanden worden geüpload... Fase 1...",
    "sync_push_notification" : "Bijgewerkte bestanden worden geüpload",
    "sync_pull_phase_1" : "Bijgewerkte bestanden worden gedownload... Fase 1...",
    "sync_pull_notification" : "Bijgewerkte bestanden worden gedownload",
    "sync_notification_subtitle" : "Wacht even voordat u nieuwe updates aanbrengt.",
    "sync_phase2" : "Fase 2...",
    "sync_complete" : "Synchronisatie voltooid.",
    "sync_complete_subtitle" : "Het is weer veilig om wijzigingen aan te brengen.",
    "sync_complete_subtitle2" : "\nBestanden worden gevolgd op wijzigingen...",
    "sync_notification_generic_error" : "Fout %s bij het %s [%s]",
    "sync_notification_multiple_error" : "Meerdere fouten %s bij het %s [%s]",
    "sync_error_command_create" : "maken",
    "sync_error_command_delete" : "wissen",
    "sync_error_command_update" : "bijwerken",
    "sync_error_command_move" : "verplaatsen",
    "sync_notification_sync_complete" : "Synchronisatie voltooid [%s]",
    "sync_notification_upload_complete" : "Uploaden voltooid [%s]",
    "sync_notification_upload_error" : "Fout %s tijdens het uploaden [%s]",
    "sync_notification_download_complete" : "Downloaden voltooid [%s]",
    "sync_notification_delete_complete" : "Wissen voltooid [%s]",
    "sync_notification_deletelocal_complete" : "Lokaal bestand gewist [%s]",
    "sync_notification_merge_complete" : "Samenvoegingsconflict opgelost [%s]",
    "sync_notification_no_update" : "Geen update nodig [%s]",
    "sync_notification_merge_conflict" : "Samenvoegingsconflict [%s]",
    "sync_notification_rename_complete" : "Hernoemen voltooid",
    "sync_notification_rename_data_complete" : "Hernoemen voltooid: %s => %s",
    "sync_notification_move_complete" : "Verplaatsen voltooid",
    "sync_notification_move_data_complete" : "Verplaatsen voltooid: %s => %s",
    "sync_dir_created" : "Directory is gemaakt: %s",
    "sync_upload_skip" : "Uploaden van bestand wordt overgeslagen, want er is nog een onopgelost samenvoegingsconflict: %s",
    "sync_upload_start" : "Bestand wordt geüpload: %s",
    "sync_upload_complete" : "Bestand is geüpload: %s",
    "sync_delete_dir_skip" : "Wissen van niet-lokale directory wordt overgeslagen, want er is nog een onopgelost samenvoegingsconflict: %s",
    "sync_delete_file_skip" : "Wissen van niet-lokaal bestand wordt overgeslagen, want er is nog een onopgelost samenvoegingsconflict: %s",
    "sync_delete_dir_complete" : "Directory is gewist: %s",
    "sync_delete_file_complete" : "Bestand is gewist: %s",
    "sync_delete_localfile_cancel" : "Wissen van lokaal bestand is onderbroken als gevolg van annuleringsopdracht.",
    "sync_delete_localfile_skip" : "Wissen van lokaal bestand wordt overgeslagen, want er is nog een onopgelost samenvoegingsconflict: %s",
    "sync_write_cancel" : "Wegschrijven van lokaal bestand is onderbroken als gevolg van annuleringsopdracht.",
    "sync_download_complete" : "Bestand is gedownload: %s",
    "sync_resolve_cancel" : "Oplossen van conflict onderbroken als gevolg van annuleringsopdracht.",
    "sync_resolve_complete" : "Samenvoegingsconflict opgelost voor %s",
    "sync_resolve_unknown_action" : "Onbekende actie %s",
    "sync_sync_upload_skip" : "Uploaden van bestand %s wordt overgeslagen",
    "sync_sync_delete_skip" : "Wissen van bestand %s wordt overgeslagen",
    "sync_sync_download_skip" : "Downloaden van bestand %s wordt overgeslagen",
    "sync_merge_help_1" : "Om dit conflict op te lossen, moet u de bestanden samenvoegen. Na samenvoeging hernoemt u '%s' in '%s'.",
    "sync_merge_help_2" : "Hiermee zorgt u ervoor dat het conflict door het systeem wordt opgelost en dat het correcte bestand wordt geüpload.",
    "sync_merge_help_deleted_remotely_1" : "Om het conflict op te lossen, hebt u twee keuzen:",
    "sync_merge_help_deleted_remotely_2" : "1) Oplossen door wissen - Het bestand wordt dan ook lokaal gewist.",
    "sync_merge_help_deleted_remotely_3" : "   Dit doet u door de naam van '%s' te wijzigen in '%s'.",
    "sync_merge_help_deleted_remotely_4" : "2) Oplossen met niet-lokaal - Download het niet-lokale bestand.",
    "sync_merge_help_deleted_remotely_5" : "   Dit doet u door de naam van '%s' te wijzigen in '%s'.",
    "sync_merge_help_deleted_remotely_6" : "Hiermee zorgt u ervoor dat het conflict door het systeem wordt opgelost.",
    "sync_merge_help_deleted_locally_1" : "Om het conflict op te lossen, hebt u twee keuzen:",
    "sync_merge_help_deleted_locally_2" : "1) Oplossen door wissen - Het bestand wordt dan ook lokaal gewist.",
    "sync_merge_help_deleted_locally_3" : "   Dit doet u door de naam van '%s' te wijzigen in '%s'.",
    "sync_merge_help_deleted_locally_4" : "2) Oplossen met niet-lokaal - Download het niet-lokale bestand.",
    "sync_merge_help_deleted_locally_5" : "   Dit doet u door de naam van '%s' te wijzigen in '%s'.",
    "sync_merge_help_deleted_locally_6" : "Hiermee zorgt u ervoor dat het conflict door het systeem wordt opgelost.",
    "sync_conflict_local_deleted_1" : "Handmatige tussenkomst vereist voor %s",
    "sync_conflict_local_deleted_2" : "Het bestand is lokaal gewist en is op de niet-lokale server bijgewerkt. Er kan niet worden vastgesteld of het bijgewerkte niet-lokale bestand moet worden gedownload of gewist.",
    "sync_conflict_local_deleted_3" : "Bestand wordt gedownload als %s",
    "sync_conflict_remote_deleted_1" : "Handmatige tussenkomst vereist voor %s",
    "sync_conflict_remote_deleted_2" : "Het bestand is op afstand gewist en lokaal bijgewerkt. Er kan niet worden vastgesteld of het bijgewerkte bestand moet worden geüpload of gewist.",
    "sync_conflict_both_1" : "Handmatige samenvoeging vereist voor %s",
    "sync_conflict_both_2" : "Het bestand is zowel lokaal als op de niet-lokale server bijgewerkt.",
    "sync_conflict_both_3" : "Bestand wordt gedownload als %s",
    "sync_conflict_outstanding" : "Onopgelost samenvoegingsconflict voor %s",
    "sync_event_add_dir" : "Aanmaak van directory geconstateerd: %s",
    "sync_event_add_file" : "Aanmaak van bestand geconstateerd: %s",
    "sync_event_delete_dir" : "Verwijdering van directory geconstateerd: %s",
    "sync_event_delete_file" : "Verwijdering van bestand geconstateerd: %s",
    "sync_event_rename_dir" : "Hernoeming/verplaatsing van directory geconstateerd: %s",
    "sync_event_rename_file" : "Hernoeming/verplaatsing van bestand geconstateerd: %s",
    "sync_event_change_file" : "Wijziging van bestand geconstateerd: %s",
    "sync_rename_skip" : "Hernoemen van lokaal bestand wordt overgeslagen, want er is sprake van een onopgelost samenvoegingsconflict: %s",
    "sync_start_watching" : "Bestanden in '%s' worden gevolgd op wijzigingen...",

    "sync_ignore_rename" : "Het wijzigen van de bestandsnaam wordt niet uitgevoerd omdat het doelbestand '%s' voldoet aan de criteria voor een verborgen bestand.",
    "watcher_ignore_delete" : "Het wissen van het bestand wordt niet uitgevoerd omdat het doelbestand '%s' voldoet aan de criteria voor een verborgen bestand.",

    "sync_report" : "Synchronisatierapport:\nTotaal     : %d\nGeüpload   : %d\nGedownload : %d\nGewist     : %d / %d (Lokaal/Niet-lokaal)\nConflicten : %d / %d (Opgelost)\nGeen actie : %d\nFouten     : %d\n",
    "sync_error_happened" : "Fouten opgetreden tijdens de synchronisatie!"

}

