{
    "program_title" : "HCL Digital Experience File Sync v%s",
    "program_help_1" : "Bu yardımcı program, bir HCL Portal Teması'na ilişkin WebDAV kaynaklarını yerel bir dizinle uyumlulaştırır.",
    "program_help_2" : "Bu olanak, bir tema geliştiricinin tercih ettiği düzenleyiciyi kullanarak bu dosyalarla yerel olarak çalışmasını sağlar.",
    "program_help_3" : "Yerel olarak güncellemede dosyalar uzak sunucuya otomatik olarak yüklenir.",
    "program_help_4" : "Ekli readme.txt dosyasında daha fazla bilgi bulabilirsiniz.\n",
    "program_help_5" : "Komut Yardımı:\ndxsync.sh <seçenekler> <komut>\n",
    "program_help_6" : "Kullanılabilecek komutlar:",
    "program_help_7" : "init\n    Yürürlükteki yerel dizinde buluna bir temayı kullanıma hazırlar",
    "program_help_8" : "run\n    2 yönlü bir uyumlulaştırma çalıştırır ve dosya değişikliklerini gözlemek için işlemi artalanda etkin olarak tutar",
    "program_help_9" : "pull\n    Güncellenen tüm dosyaları uzak sistemden yüklemek için tek yönlü bir uyumlulaştırmaya neden olur",
    "program_help_10" : "push\n    Güncellenen tüm dosyaları (uzaktaki değişikliklerin üzerine yazarak) uzak sisteme yüklemek için tek yönlü bir uyumlulaştırmaya neden olur\n",
    "program_help_11" : "Kullanılabilecek seçenekler: ",
    "program_help_12" : "--debug\n    Varsayılan değerlerle hata ayıklama kipini etkinleştirir (düzey: daha ayrıntılı, tüm yöntemler ve dosyalar)",
    "program_help_13" : "--debug-finest\n    İzleme düzeyini en ayrıntılı olarak ayarlar\n",
    "log_file_location" : "Günlük dosyası %s/.dxsync.log içine yazılır",
    "log_file_location2" : "Günlük dosyası burada bulunabilir: %s",
    "sigint" : "İşlem kesiliyor. Hoşça kalın. ",
    "uncaught_exception" : "Yakalanmayan Kural Dışı Durum",
    "unrecognized_command" : "Tanınmayan komut: %s",
    "unrecognized_option" : "Tanınmayan seçenek: %s",
    "too_many_commands" : "Komut sayısı çok fazla: %s",
    "setup_1" : "Bu komutla şu yürürlükteki dizinde yeni bir tema uyumlulaştırma noktası",
    "setup_2" : "yaratıyorsunuz: '%s'.\n",
    "setup_3" : "Uzak HCL Portal yönetim ortamına bağlanmak için lütfen bilgi istemlerini izleyin.",
    "setup_connecting" : "Uzak sunucuyla bağlantı kuruluyor...",
    "setup_themes_found" : "Aşağıdaki temalar bulundu. Lütfen hangisine bağlanmak istediğinizi seçin:",
    "setup_theme_desc" : "1 - %d arası bir sayı girin",
    "list_themes" : "Temalar %s içinden getiriliyor",
    "list_themes_none" : "Hedef sunucuda herhangi bir tema bulunamadı.",
    "setup_abort" : "Kullanıma hazırlama durduruluyor.",
    "setup_success1" : "Tema uyumlulaştırma başarıyla ayarlandı.",
    "setup_success2" : "'run' komutuyla uyumlulaştırmayı yürütmeye hazırsınız.",
    "print_config" : "Yapılanış:",
    "error_loading_config" : "Bu dizinde dxsync ayarları yüklenemedi. Önce 'dxsync.sh init' komutunu çalıştırın.",
    "error_host" : "Anasistemle bağlantı kurulamıyor. ",
    "error_refused" : "Bağlantı reddedildi.",
    "error_not_found" : "İstenen öğe bulunamadı.",
    "error_unauthorized" : "Yetkisiz. Kullanıcı adı ya da parola yanlış.",

    "config_section_basic" : "Temel",
    "config_section_advanced" : "İleri Düzey",
    "config_host_desc" : "Anasistem Adı",
    "config_user_desc" : "Kullanıcı Adı",
    "config_pass_desc" : "Parola",
    "config_contenthandler_desc" : "İçerik işleyici sunucu uygulamacığının yolu",
    "config_port_desc" : "Kapı",
    "config_theme_desc" : "Tema",
    "config_syncinterval_desc" : "Dakika olarak artalanda uyumlulaştırma süresi",
    "config_connections_desc" : "Koşutzamanlı uzak bağlantıların sayısı",
    "config_filter_desc" : "Dosyaları yoksaymak için düzenli ifade",

    "webdav_request_canceled" : "İptal isteği nedeniyle WebDAV isteği kesildi.",
    "webdav_retry_success" : "Daha önce '%s' için bulunan sorun %s denemeden sonra başarıyla çözüldü.",
    "webdav_invalid_url" : "URL geçersiz (%s) - şema bulunamıyor",

    "watcher_restart" : "Tema Uyumlulaştırmayı Yeniden Başlat! (%s için yeniden adlandırma komutu başarılı oldu)",
    "watcher_restart2" : "Tema Uyumlulaştırmayı Yeniden Başlat! (şu yolla işleyici bulunamadı: #1 ? %s)",
    "watcher_restart3" : "Tema Uyumlulaştırmayı Yeniden Başlat! (şu yolla işleyici bulunamadı: #2 ? %s)",
    "watcher_stateexception" : "Bilinmeyen Durum Kural Dışı Durumu:\nyol: %s\ngözlenen yol: %\nbaşlatma dizini: %s",
    "watcher_windows_1" : "Windows üzerindeki altyapı sınırlamaları (açık dosya tanıtıcısını işleme) nedeniyle, dosyalar gözlenirken dizinlerin silinmesi desteklenmez.",
    "watcher_windows_2" : "Gözleme sırasında bir klasörü silmek için OSX ya da Linux gibi başka bir işletim sistemini kullanın. Windows'ta, lütfen gözlemeyi durdurun, klasörü silin ve işlemi yeniden başlatın.\n",
    "watcher_unable_1" : "Pathwatcher modülü eksik olduğundan dosyalar gözlenemiyor. Modülü --use-pre-compiled işareti olmaksızın kaynaktan kurun.",
    "watcher_unable_2" : "Lütfen, bu modülün yazarına eksik ön derleme bağımlılıkları hakkında geribildirim sağlayın.",
    "watcher_unable_3" : "Sisteminize ilişkin bilgi: %s (Altyapı) / %s (Mimari)\n",
    "watcher_win_toomany_folders" : "Önkoşul olan bir bileşendeki çözülmemiş bir hata nedeniyle '%s' dizini gözlenemiyor. \nDaha fazla bilgi için bakınız: https://github.com/atom/node-pathwatcher/issues/70",
    "watcher_win_toomany_folders_start" : "Önkoşul olan bir bileşendeki çözülmemiş bir hata nedeniyle aşağıdaki dizinler gözlenemiyor. \nDaha fazla bilgi için bakınız: https://github.com/atom/node-pathwatcher/issues/70",
    "watcher_forcewatch_info" : "Yukarıdaki dizinlerden herhangi birinin diğerlerinin lehine gözlenmesine gerek duyuyorsanız 'forceWatch' ayarını kullanabilirsiniz. forceWatch öğesini yeri %s olan ayarlar dosyasına eklemeniz yeterlidir. Değer, zorlamalı olarak izlenecek dizinlerden oluşan bir dizidir. Örnek: \"forceWatch\": [\"/example/dizin\"]",

    "sync_idle" : "Boşta...",
    "sync_background_start" : "Sonraki uyumlulaştırma %d dakika içinde başlıyor...",
    "sync_background_disabled" : "Artalanda uyumlulaştırma devre dışı bırakıldı.",
    "sync_invalid_mode" : "Geçirilen kip değişkeni geçersiz.",
    "sync_2way_phase_1" : "2 yönlü uyumlulaştırma başlatıldı... 1. Aşama...",
    "sync_2way_notification" : "2 yönlü uyumlulaştırma başlatıldı",
    "sync_push_phase_1" : "Güncellenen dosyalar yukarı yükleniyor... 1. Aşama...",
    "sync_push_notification" : "Güncellenen dosyalar yukarı yükleniyor",
    "sync_pull_phase_1" : "Güncellenen dosyalar aşağı yükleniyor... 1. Aşama...",
    "sync_pull_notification" : "Güncellenen dosyalar aşağı yükleniyor",
    "sync_notification_subtitle" : "Başka güncelleme yapmadan önce lütfen bekleyin.",
    "sync_phase2" : "2. Aşama...",
    "sync_complete" : "Uyumlulaştırma tamamlandı. ",
    "sync_complete_subtitle" : "Dosya değişiklikleri yine güvenle yapılabilir.",
    "sync_complete_subtitle2" : "\nDeğişiklik olup olmadığını saptamak için dosyalar gözleniyor...",
    "sync_notification_generic_error" : "Hata %s; %s girişimi sırasında [%s]",
    "sync_notification_multiple_error" : "Birden çok hata %s; %s girişimi sırasında [%s]",
    "sync_error_command_create" : "Yaratma",
    "sync_error_command_delete" : "Silme",
    "sync_error_command_update" : "Güncelleme",
    "sync_error_command_move" : "Taşıma",
    "sync_notification_sync_complete" : "Uyumlulaştırma tamamlandı [%s]",
    "sync_notification_upload_complete" : "Yukarı yükleme tamamlandı [%s]",
    "sync_notification_upload_error" : "Hata %s; yukarı yükleme sırasında [%s]",
    "sync_notification_download_complete" : "Aşağı yükleme tamamlandı [%s]",
    "sync_notification_delete_complete" : "Silme tamamlandı [%s]",
    "sync_notification_deletelocal_complete" : "Yerel dosya silindi [%s]",
    "sync_notification_merge_complete" : "Birleştirme çakışması çözüldü [%s]",
    "sync_notification_no_update" : "Güncelleme gerekmiyor [%s]",
    "sync_notification_merge_conflict" : "Birleştirme çakışması [%s]",
    "sync_notification_rename_complete" : "Yeniden adlandırma tamamlandı",
    "sync_notification_rename_data_complete" : "Yeniden adlandırma tamamlandı: %s => %s",
    "sync_notification_move_complete" : "Taşıma tamamlandı",
    "sync_notification_move_data_complete" : "Taşıma tamamlandı: %s => %s",
    "sync_dir_created" : "Dizin yaratma tamamlandı: %s",
    "sync_upload_skip" : "Çözülmemiş bir birleştirme çakışması nedeniyle yerel dosyanın yukarı yüklenmesi atlanıyor: %s",
    "sync_upload_start" : "Dosya yukarı yükleniyor: %s",
    "sync_upload_complete" : "Dosya yukarı yükleme tamamlandı: %s",
    "sync_delete_dir_skip" : "Çözülmemiş bir birleştirme çakışması nedeniyle uzak dizinin silinmesi atlanıyor: %s",
    "sync_delete_file_skip" : "Çözülmemiş bir birleştirme çakışması nedeniyle uzak dosyanın silinmesi atlanıyor: %s",
    "sync_delete_dir_complete" : "Dizin silme tamamlandı: %s",
    "sync_delete_file_complete" : "Dosya silme tamamlandı: %s",
    "sync_delete_localfile_cancel" : "İptal isteği nedeniyle yerel dosya silinmesi kesildi.",
    "sync_delete_localfile_skip" : "Çözülmemiş bir birleştirme çakışması nedeniyle yerel dosyanın silinmesi atlanıyor: %s",
    "sync_write_cancel" : "İptal isteği nedeniyle yerel dosya yazılması kesildi.",
    "sync_download_complete" : "Dosya aşağı yükleme tamamlandı: %s",
    "sync_resolve_cancel" : "İptal isteği nedeniyle çakışma çözülmesi kesildi.",
    "sync_resolve_complete" : "%s için birleştirme çakışması çözüldü",
    "sync_resolve_unknown_action" : "Bilinmeyen işlem %s",
    "sync_sync_upload_skip" : "%s dosyasının yukarı yüklenmesi atlanıyor",
    "sync_sync_delete_skip" : "%s dosyasının silinmesi atlanıyor",
    "sync_sync_download_skip" : "%s dosyasının aşağı yüklenmesi atlanıyor",
    "sync_merge_help_1" : "Çakışmayı çözmek için lütfen dosyaları birleştirin. Birleştirdikten sonra '%s' dosyasını '%s' olarak adlandırın.",
    "sync_merge_help_2" : "Böylece sistem çakışmayı çözer ve çözülen dosyayı yukarı yükler.",
    "sync_merge_help_deleted_remotely_1" : "Çakışmayı çözmek için iki seçeneğiniz vardır: ",
    "sync_merge_help_deleted_remotely_2" : "1) Silme yoluyla çözme - Dosya yerel olarak da silinir.",
    "sync_merge_help_deleted_remotely_3" : "   Bu sonuç, '%s' dosyası '%s' olarak adlandırılarak elde edilebilir.",
    "sync_merge_help_deleted_remotely_4" : "2) Uzak dosyayla çözme - Uzak dosya aşağı yüklenir.",
    "sync_merge_help_deleted_remotely_5" : "   Bu sonuç, '%s' dosyası '%s' olarak adlandırılarak elde edilebilir.",
    "sync_merge_help_deleted_remotely_6" : "Böylece sistem çakışmayı çözer.",
    "sync_merge_help_deleted_locally_1" : "Çakışmayı çözmek için iki seçeneğiniz vardır: ",
    "sync_merge_help_deleted_locally_2" : "1) Silme yoluyla çözme - Dosya yerel olarak da silinir.",
    "sync_merge_help_deleted_locally_3" : "   Bu sonuç, '%s' dosyası '%s' olarak adlandırılarak elde edilebilir.",
    "sync_merge_help_deleted_locally_4" : "2) Uzak dosyayla çözme - Uzak dosya aşağı yüklenir.",
    "sync_merge_help_deleted_locally_5" : "   Bu sonuç, '%s' dosyası '%s' olarak adlandırılarak elde edilebilir.",
    "sync_merge_help_deleted_locally_6" : "Böylece sistem çakışmayı çözer.",
    "sync_conflict_local_deleted_1" : "%s için elle araya girilmesi gerekiyor",
    "sync_conflict_local_deleted_2" : "Dosya yerel olarak silindi ve uzak sunucuda güncellendi. Güncellenen dosya için aşağı yükleme işlemi mi, yoksa silme işlemi mi yapılacağı saptanamıyor.",
    "sync_conflict_local_deleted_3" : "Dosya %s olarak aşağı yükleniyor",
    "sync_conflict_remote_deleted_1" : "%s için elle araya girilmesi gerekiyor",
    "sync_conflict_remote_deleted_2" : "Dosya uzakta silindi ve yerel olarak güncellendi. Güncellenen dosya için yukarı yükleme işlemi mi, yoksa silme işlemi mi yapılacağı saptanamıyor.",
    "sync_conflict_both_1" : "%s için elle birleştirme gerekiyor",
    "sync_conflict_both_2" : "Dosya yerel olarak ve uzak sunucuda güncellendi.",
    "sync_conflict_both_3" : "Dosya %s olarak aşağı yükleniyor",
    "sync_conflict_outstanding" : "%s için çözülmemiş birleştirme çakışması",
    "sync_event_add_dir" : "Dizin yaratma tanındı: %s",
    "sync_event_add_file" : "Dosya yaratma tanındı: %s",
    "sync_event_delete_dir" : "Dizin kaldırma tanındı: %s",
    "sync_event_delete_file" : "Dosya kaldırma tanındı: %s",
    "sync_event_rename_dir" : "Dizin yeniden adlandırma/taşıma tanındı: %s",
    "sync_event_rename_file" : "Dosya yeniden adlandırma/taşıma tanındı: %s",
    "sync_event_change_file" : "Dosya değişikliği tanındı: %s",
    "sync_rename_skip" : "Çözülmemiş bir birleştirme çakışması nedeniyle yerel dosyanın yeniden adlandırılması atlanıyor: %s",
    "sync_start_watching" : "Değişiklik olup olmadığını saptamak için '%s' içindeki dosyalar gözleniyor...",

    "sync_report" : "Uyumlulaştırma Raporu:\nToplam      : %d\nYukarı yüklenen   : %d\nAşağı yüklenen : %d\nSilinen    : %d / %d (Yerel/Uzak)\nÇakışmalar  : %d / %d (Çözüldü)\nİşlem Yok  : %d\nHatalar     : %d\n",
    "sync_error_happened" : "Uyumlulaştırma sırasında hatalar oluştu!"

}

