{
    "program_title" : "HCL Digital Experience 文件同步 v%s",
    "program_help_1" : "该实用程序用于将 HCL Portal 主题的 WebDAV 资源与本地目录同步。",
    "program_help_2" : "这使得主题开发人员可使用自己喜爱的编辑器在本地轻松处理那些文件。",
    "program_help_3" : "在本地更新时，文件会自动上载至远程服务器。",
    "program_help_4" : "在附加的 readme.txt 中可以找到更多信息\n",
    "program_help_5" : "命令帮助：\ndxsync.sh <options> <command>\n",
    "program_help_6" : "可用命令：",
    "program_help_7" : "init\n    初始化当前本地目录中的主题",
    "program_help_8" : "run\n    运行双向同步并保持进程在后台活动以查看文件更改",
    "program_help_9" : "pull\n    导致单向同步从远程系统下载所有已更新文件",
    "program_help_10" : "push\n    导致单向同步将所有已更新文件上载到远程系统（覆盖远程更改）\n",
    "program_help_11" : "可用选项：",
    "program_help_12" : "--debug\n    启用使用缺省值的调试方式（级别：finer，所有方法和文件）",
    "program_help_13" : "--debug-finest\n    将跟踪级别设置为 finest\n",
    "log_file_location" : "日志文件将被写入 %s/.dxsync.log",
    "log_file_location2" : "可在这里找到日志文件：%s",
    "sigint" : "正在中断进程。再见。",
    "uncaught_exception" : "未捕捉到的异常",
    "unrecognized_command" : "无法识别的命令：%s",
    "unrecognized_option" : "无法识别的选项：%s",
    "too_many_commands" : "命令太多：%s",
    "setup_1" : "您正在使用此命令在当前目录“%s”中创建一个新的",
    "setup_2" : "主题同步点。\n",
    "setup_3" : "请按照提示连接到远程 HCL Portal 实例。",
    "setup_connecting" : "正在连接到远程服务器...",
    "setup_themes_found" : "找到以下主题。请选择您要连接的对象：",
    "setup_theme_desc" : "输入 1 到 %d 之间的数字",
    "list_themes" : "正在访存 %s 中的主题",
    "list_themes_none" : "目录服务器上未找到任何主题。",
    "setup_abort" : "正在异常中止初始化。",
    "setup_success1" : "成功设置主题同步。",
    "setup_success2" : "您已准备好使用“run”命令执行同步。",
    "print_config" : "配置：",
    "error_loading_config" : "无法在此目录中装入 dxsync 设置。请先运行“dxsync.sh init”。",
    "error_host" : "无法连接到主机。",
    "error_refused" : "连接已遭到拒绝。",
    "error_not_found" : "找不到所请求的项。",
    "error_unauthorized" : "未授权。用户名或密码不正确。",
    "error_wrong_protocol" : "协议错误。该情况通常在连接至服务器时使用了错误的端口时发生。例如，将非安全端口 (http) 和安全位置 (https url) 同时使用时。",
    "error_connection_reset" : "连接已重置。该情况在连接至服务器时使用了错误的端口时发生。例如，将安全端口 (https) 和非安全位置 (https url) 同时使用时。",
    "error_probably_no_tai" : "无法认证远程系统。如果基本认证 TAI（信任关联拦截器）在目标主机上已禁用，那么便经常发生该情况。请参考 DXSync 文档以获取如何开启的信息。",

    "config_section_basic" : "基本",
    "config_section_advanced" : "高级",
    "config_host_desc" : "主机名",
    "config_user_desc" : "用户名",
    "config_pass_desc" : "密码",
    "config_contenthandler_desc" : "到内容处理程序 servlet 的路径",
    "config_port_desc" : "端口",
    "config_theme_desc" : "主题",
    "config_syncinterval_desc" : "后台同步的时间间隔（以分钟为单位）",
    "config_connections_desc" : "并发远程连接数",
    "config_filter_desc" : "忽略文件的正则表达式",
    "config_secure_desc" : "安全连接 (https)？",

    "webdav_request_canceled" : "由于取消请求，因此 WebDAV 请求中断。",
    "webdav_retry_success" : "尝试 %s 次后成功解决早期针对“%s”发现的问题。",
    "webdav_invalid_url" : "无效的 URL (%s) - 找不到模式",

    "watcher_restart" : "重新启动主题同步！（针对 %s 的重命名命令未成功）",
    "watcher_restart2" : "重新启动主题同步！（按路径 #1 ? %s 找不到处理程序）",
    "watcher_restart3" : "重新启动主题同步！（按路径 #2 ? %s 找不到处理程序）",
    "watcher_stateexception" : "未知的状态异常：\n路径：%s\n查看的路径： %\n启动目录：%s",
    "watcher_windows_1" : "由于 Windows 平台限制（打开文件句柄处理），不支持在查看文件时删除目录。",
    "watcher_windows_2" : "为了在查看时删除文件夹，请使用另一个操作系统（例如 OSX 或 Linux）。在 Windows 上，请停止查看，删除文件夹，然后重新启动进程。\n",
    "watcher_unable_1" : "由于缺少 pathwatcher 模块，因此无法查看文件。在不使用 --use-pre-compiled 标记的情况下，从源安装模块。",
    "watcher_unable_2" : "请向此模块的作者提供关于缺少预编译的依赖关系的反馈。",
    "watcher_unable_3" : "您的系统信息：%s（平台）/ %s（体系结构）\n",
    "watcher_win_toomany_folders" : "由于 prereq 组件中存在未解决的错误，因此无法查看目录“%s”。\n请参阅 https://github.com/atom/node-pathwatcher/issues/70 以获取更多信息。",
    "watcher_win_toomany_folders_start" : "由于 prereq 组件中存在未解决的错误，因此无法查看以下目录。\n请参阅 https://github.com/atom/node-pathwatcher/issues/70 以获取更多信息。",
    "watcher_forcewatch_info" : "如果您需要查看以上任意目录才能执行其他操作，那么可以使用设置“forceWatch”。只需将 forceWatch 元素添加到位于 %s 的设置文件。值为强制查看的一系列目录。例如：\"forceWatch\": [\"/example/directory\"]",

    "sync_idle" : "空闲...",
    "sync_background_start" : "%d 分钟内开始下一次同步...",
    "sync_background_disabled" : "已禁用后台同步。",
    "sync_invalid_mode" : "传递了无效方式变量。",
    "sync_2way_phase_1" : "开始双向同步... 第 1 阶段...",
    "sync_2way_notification" : "开始双向同步",
    "sync_push_phase_1" : "正在上载已更新的文件... 第 1 阶段...",
    "sync_push_notification" : "正在上载已更新的文件",
    "sync_pull_phase_1" : "正在下载已更新的文件... 第 1 阶段...",
    "sync_pull_notification" : "正在下载已更新的文件",
    "sync_notification_subtitle" : "请稍等片刻再进行进一步更新。",
    "sync_phase2" : "第 2 阶段...",
    "sync_complete" : "同步完成。",
    "sync_complete_subtitle" : "再次进行文件更改很安全。",
    "sync_complete_subtitle2" : "\n查看文件更改...",
    "sync_notification_generic_error" : "错误 %s 发生于尝试 %s [%s] 时 ",
    "sync_notification_multiple_error" : "多个错误 %s 发生于尝试 %s [%s] 时 ",
    "sync_error_command_create" : "创建",
    "sync_error_command_delete" : "删除",
    "sync_error_command_update" : "更新",
    "sync_error_command_move" : "移动",
    "sync_notification_sync_complete" : "同步完成 [%s]",
    "sync_notification_upload_complete" : "上载完成 [%s]",
    "sync_notification_upload_error" : "错误 %s 发生于上载 [%s] 时",
    "sync_notification_download_complete" : "下载完成 [%s]",
    "sync_notification_delete_complete" : "删除完成 [%s]",
    "sync_notification_deletelocal_complete" : "已删除本地文件 [%s]",
    "sync_notification_merge_complete" : "已解决合并冲突 [%s]",
    "sync_notification_no_update" : "无需更新 [%s]",
    "sync_notification_merge_conflict" : "合并冲突 [%s]",
    "sync_notification_rename_complete" : "重命名完成",
    "sync_notification_rename_data_complete" : "重命名完成：%s => %s",
    "sync_notification_move_complete" : "移动完成",
    "sync_notification_move_data_complete" : "移动完成：%s => %s",
    "sync_dir_created" : "目录创建完成：%s",
    "sync_upload_skip" : "由于存在未解决的合并冲突 %s，因此跳过上载文件",
    "sync_upload_start" : "正在上载文件：%s",
    "sync_upload_complete" : "文件上载完成：%s",
    "sync_delete_dir_skip" : "由于存在未解决的合并冲突 %s，因此跳过删除远程目录",
    "sync_delete_file_skip" : "由于存在未解决的合并冲突 %s，因此跳过删除远程文件",
    "sync_delete_dir_complete" : "目录删除完成：%s",
    "sync_delete_file_complete" : "文件删除完成：%s",
    "sync_delete_localfile_cancel" : "由于取消请求，因此本地文件删除中断。",
    "sync_delete_localfile_skip" : "由于存在未解决的合并冲突 %s，因此跳过删除本地文件",
    "sync_write_cancel" : "由于取消请求，因此本地文件写入中断。",
    "sync_download_complete" : "文件下载文件：%s",
    "sync_resolve_cancel" : "由于取消请求，因此解决冲突中断。",
    "sync_resolve_complete" : "已解决 %s 的合并冲突",
    "sync_resolve_unknown_action" : "操作 %s 未知",
    "sync_sync_upload_skip" : "正在跳过上载文件 %s",
    "sync_sync_delete_skip" : "正在跳过删除文件 %s",
    "sync_sync_download_skip" : "正在跳过下载文件 %s",
    "sync_merge_help_1" : "为了解决冲突，请合并文件。合并后，将“%s”重命名为“%s”。",
    "sync_merge_help_2" : "这将使系统解决冲突并上载已解决的文件。",
    "sync_merge_help_deleted_remotely_1" : "要解决冲突，您有两个选项：",
    "sync_merge_help_deleted_remotely_2" : "1) 通过删除解决 - 还在本地删除文件。",
    "sync_merge_help_deleted_remotely_3" : "   这可通过将“%s”重命名为“%s”实现。",
    "sync_merge_help_deleted_remotely_4" : "2) 借助远程解决 - 下载远程文件。",
    "sync_merge_help_deleted_remotely_5" : "   这可通过将“%s”重命名为“%s”实现。",
    "sync_merge_help_deleted_remotely_6" : "这将使系统解决冲突。",
    "sync_merge_help_deleted_locally_1" : "要解决冲突，您有两个选项：",
    "sync_merge_help_deleted_locally_2" : "1) 通过删除解决 - 还在本地删除文件。",
    "sync_merge_help_deleted_locally_3" : "   这可通过将“%s”重命名为“%s”实现。",
    "sync_merge_help_deleted_locally_4" : "2) 借助远程解决 - 下载远程文件。",
    "sync_merge_help_deleted_locally_5" : "   这可通过将“%s”重命名为“%s”实现。",
    "sync_merge_help_deleted_locally_6" : "这将使系统解决冲突。",
    "sync_conflict_local_deleted_1" : "%s 需要手动干预",
    "sync_conflict_local_deleted_2" : "文件已在本地删除，但在远程服务器上进行更新。无法确定是下载已更新的远程文件，还是将其删除。",
    "sync_conflict_local_deleted_3" : "将文件下载为 %s",
    "sync_conflict_remote_deleted_1" : "%s 需要手动干预",
    "sync_conflict_remote_deleted_2" : "文件已在远程删除，但在本地更新。无法确定是上载已更新的文件，还是将其删除。",
    "sync_conflict_both_1" : "%s 需要手动合并",
    "sync_conflict_both_2" : "文件已在本地和远程服务器上更新。",
    "sync_conflict_both_3" : "将文件下载为 %s",
    "sync_conflict_outstanding" : "%s 未解决的合并冲突",
    "sync_event_add_dir" : "已识别目录创建：%s",
    "sync_event_add_file" : "已识别文件创建：%s",
    "sync_event_delete_dir" : "已识别目录删除：%s",
    "sync_event_delete_file" : "已识别文件删除：%S",
    "sync_event_rename_dir" : "已识别目录重命名/移动：%s",
    "sync_event_rename_file" : "已识别文件重命名/移动：%s",
    "sync_event_change_file" : "已识别文件更改：%s",
    "sync_rename_skip" : "由于存在未解决的合并冲突 %s，因此跳过重命名本地文件",
    "sync_start_watching" : "正在查看“%s”中文件的更改...",

    "sync_ignore_rename" : "正在忽略文件重命名，因为目标文件“%s”满足隐藏文件的条件。",
    "watcher_ignore_delete" : "正在忽略文件删除，因为目标文件“%s”满足隐藏文件的条件。",

    "sync_report" : "同步报告：\n总计：%d\n已上载：%d\n已下载：%d\n已删除：%d / %d（本地/远程）\n冲突：%d / %d（已解决）\n无操作：%d\n错误：%d\n",
    "sync_error_happened" : "同步期间出现错误！"

}

