{
    "program_title" : "HCL 數位體驗檔案同步 %s 版",
    "program_help_1" : "此公用程式可透過本端目錄同步處理 HCL Portal 佈景主題的 WebDAV 資源。",
    "program_help_2" : "這可讓佈景主題開發者使用本身慣用的編輯器，在本端輕鬆使用這些檔案。",
    "program_help_3" : "檔案會於本端更新時自動上傳至遠端伺服器。",
    "program_help_4" : "您可以在附加的 readme.txt 中找到進一步資訊\n",
    "program_help_5" : "指令說明：\ndxsync.sh <options> <command>\n",
    "program_help_6" : "可用的指令：",
    "program_help_7" : "init\n    在現行本端目錄內起始設定佈景主題",
    "program_help_8" : "run\n    執行雙向同步化，並使處理程序在背景中保持作用中狀態，以監看檔案變更",
    "program_help_9" : "pull\n    執行單向同步化，以從遠端系統下載所有更新檔案",
    "program_help_10" : "push\n    執行單向同步化，以將所有更新檔案上傳至遠端系統（改寫遠端變更）\n",
    "program_help_11" : "可用的選項：",
    "program_help_12" : "--debug\n    使用預設值啟用除錯模式（層次：較細微，所有方法和檔案）",
    "program_help_13" : "--debug-finest\n    將追蹤層次設為最細微\n",
    "log_file_location" : "日誌檔會寫入至 %s/.dxsync.log",
    "log_file_location2" : "日誌檔位於此處：%s",
    "sigint" : "岔斷處理程序。再見。",
    "uncaught_exception" : "未捕捉的異常狀況",
    "unrecognized_command" : "無法辨識的指令：%s",
    "unrecognized_option" : "無法辨識的選項：%s",
    "too_many_commands" : "指令過多：%s",
    "setup_1" : "使用此指令，您會將新的佈景主題同步點建立於",
    "setup_2" : "現行目錄 '%s' 中。\n",
    "setup_3" : "請遵循提示，連接至遠端 HCL Portal 實例。",
    "setup_connecting" : "正在連接至遠端伺服器...",
    "setup_themes_found" : "找到下列佈景主題。請選取您要連接的佈景主題：",
    "setup_theme_desc" : "輸入 1 與 %d 之間的數字",
    "list_themes" : "正在從 %s 提取佈景主題",
    "list_themes_none" : "在目標伺服器上找不到佈景主題。",
    "setup_abort" : "正在中斷起始設定。",
    "setup_success1" : "已順利設定佈景主題同步化。",
    "setup_success2" : "您已可使用 'run' 指令執行同步化。",
    "print_config" : "配置：",
    "error_loading_config" : "無法載入此目錄中的 dxsync 設定。請先執行 'dxsync.sh init'。",
    "error_host" : "無法連接至主機。",
    "error_refused" : "連線遭拒。",
    "error_not_found" : "找不到要求的項目。",
    "error_unauthorized" : "未獲授權。使用者名稱或密碼不正確。",
    "error_wrong_protocol" : "通訊協定錯誤。如果您使用錯誤的埠來連接至伺服器經常會發生這個問題。例如，將不安全的 (http) 埠搭配安全位置 (https URL) 使用。",
    "error_connection_reset" : "連線重設。如果您使用錯誤的埠來連接至伺服器經常會發生這個問題。例如，將安全的 (https) 埠搭配不安全位置 (http URL) 使用。",
    "error_probably_no_tai" : "無法向遠端系統進行鑑別。這種情況最有可能是已在目標主機上停用基本鑑別 TAI（信任關聯攔截程式）。請查閱 DXSync 文件，以瞭解如何加以啟用。",

    "config_section_basic" : "基本",
    "config_section_advanced" : "進階",
    "config_host_desc" : "主機名稱",
    "config_user_desc" : "使用者名稱",
    "config_pass_desc" : "密碼",
    "config_contenthandler_desc" : "內容處理程式 Servlet 的路徑",
    "config_port_desc" : "埠",
    "config_theme_desc" : "佈景主題",
    "config_syncinterval_desc" : "背景同步化的間隔（分鐘）",
    "config_connections_desc" : "並行遠端連線數目",
    "config_filter_desc" : "忽略檔案的正規表示式",
    "config_secure_desc" : "安全連線 (https)？",

    "webdav_request_canceled" : "WebDAV 要求因取消要求而岔斷。",
    "webdav_retry_success" : "已在嘗試 %s 次後順利解決先前發現的 '%s' 相關問題。",
    "webdav_invalid_url" : "無效的 URL (%s) - 找不到綱目",

    "watcher_restart" : "重新啟動佈景主題同步！（%s 的重新命名指令不成功）",
    "watcher_restart2" : "重新啟動佈景主題同步！（在路徑 #1 ? %s 找不到處理程式）",
    "watcher_restart3" : "重新啟動佈景主題同步！（在路徑 #2 ? %s 找不到處理程式）",
    "watcher_stateexception" : "UnknownStateException：\npath：%s\nwatchedPath：%\nstartDir：%s",
    "watcher_windows_1" : "因為 Windows 的平台限制（開啟舊檔處理），在監看檔案時不支援刪除目錄。",
    "watcher_windows_2" : "若要在監看時刪除資料夾，請使用其他作業系統，例如 OSX 或 Linux。在 Windows 上，請停止監看、刪除資料夾，然後重新啟動處理程序。\n",
    "watcher_unable_1" : "因為遺漏 pathwatcher 模組而無法監看檔案。請從來源安裝模組（不使用 --use-pre-compiled 旗標）。",
    "watcher_unable_2" : "請針對遺漏的前置編譯相依關係，將相關意見提供給此模組的作者。",
    "watcher_unable_3" : "您的系統資訊：%s（平台）/ %s（架構）\n",
    "watcher_win_toomany_folders" : "因為必要元件中有無法解決的錯誤，無法監看目錄 '%s'。\n如需相關資訊，請參閱 https://github.com/atom/node-pathwatcher/issues/70。",
    "watcher_win_toomany_folders_start" : "因為必要元件中有無法解決的錯誤，無法監看下列目錄。\n如需相關資訊，請參閱 https://github.com/atom/node-pathwatcher/issues/70。",
    "watcher_forcewatch_info" : "如果有任何上述目錄需要優先監看，您可以使用 'forceWatch' 設定。只要將 forceWatch 元素新增至位於 %s 中的設定檔案即可。其值是要強制監看的目錄陣列。範例：\"forceWatch\": [\"/example/directory\"]",

    "sync_idle" : "閒置...",
    "sync_background_start" : "將在 %d 分鐘內啟動下一個同步化...",
    "sync_background_disabled" : "已停用背景同步化。",
    "sync_invalid_mode" : "傳遞的模式變數無效。",
    "sync_2way_phase_1" : "已啟動雙向同步化... 階段 1...",
    "sync_2way_notification" : "已啟動雙向同步化",
    "sync_push_phase_1" : "正在上傳更新檔案... 階段 1...",
    "sync_push_notification" : "正在上傳更新檔案",
    "sync_pull_phase_1" : "正在下載更新檔案... 階段 1...",
    "sync_pull_notification" : "正在下載更新檔案",
    "sync_notification_subtitle" : "正在進行進一步更新，請稍候。",
    "sync_phase2" : "階段 2...",
    "sync_complete" : "同步化完成。",
    "sync_complete_subtitle" : "可再次進行檔案變更，安全無虞。",
    "sync_complete_subtitle2" : "\n正在監看檔案變更...",
    "sync_notification_generic_error" : "嘗試 %s [%s] 時發生錯誤 %s",
    "sync_notification_multiple_error" : "嘗試 %s [%s] 時發生多個錯誤 %s",
    "sync_error_command_create" : "建立",
    "sync_error_command_delete" : "刪除",
    "sync_error_command_update" : "更新",
    "sync_error_command_move" : "移動",
    "sync_notification_sync_complete" : "同步化完成 [%s]",
    "sync_notification_upload_complete" : "上傳完成 [%s]",
    "sync_notification_upload_error" : "上傳 [%s] 時發生錯誤 %s",
    "sync_notification_download_complete" : "下載完成 [%s]",
    "sync_notification_delete_complete" : "刪除完成 [%s]",
    "sync_notification_deletelocal_complete" : "已刪除本端檔案 [%s]",
    "sync_notification_merge_complete" : "合併衝突已解決 [%s]",
    "sync_notification_no_update" : "不需要更新 [%s]",
    "sync_notification_merge_conflict" : "合併衝突 [%s]",
    "sync_notification_rename_complete" : "重新命名完成",
    "sync_notification_rename_data_complete" : "重新命名完成：%s => %s",
    "sync_notification_move_complete" : "移動完成",
    "sync_notification_move_data_complete" : "移動完成：%s => %s",
    "sync_dir_created" : "目錄建立完成：%s",
    "sync_upload_skip" : "因為合併衝突尚未解決而略過檔案上傳：%s",
    "sync_upload_start" : "正在上傳檔案：%s",
    "sync_upload_complete" : "檔案上傳完成：%s",
    "sync_delete_dir_skip" : "因為合併衝突尚未解決而略過遠端目錄刪除：%s",
    "sync_delete_file_skip" : "因為合併衝突尚未解決而略過遠端檔案刪除：%s",
    "sync_delete_dir_complete" : "目錄刪除完成：%s",
    "sync_delete_file_complete" : "檔案刪除完成：%s",
    "sync_delete_localfile_cancel" : "本端檔案刪除因取消要求而岔斷。",
    "sync_delete_localfile_skip" : "因為合併衝突尚未解決而略過本端檔案刪除：%s",
    "sync_write_cancel" : "本端檔案寫入因取消要求而岔斷。",
    "sync_download_complete" : "檔案下載完成：%s",
    "sync_resolve_cancel" : "衝突解決因取消要求而岔斷。",
    "sync_resolve_complete" : "已解決 %s 的合併衝突",
    "sync_resolve_unknown_action" : "不明的動作 %s",
    "sync_sync_upload_skip" : "略過檔案 %s 的上傳",
    "sync_sync_delete_skip" : "略過檔案 %s 的刪除",
    "sync_sync_download_skip" : "略過檔案 %s 的下載",
    "sync_merge_help_1" : "若要解決衝突，請合併檔案。合併之後，請將 '%s' 重新命名為 '%s'。",
    "sync_merge_help_2" : "這會使系統解決衝突，並上傳已解決的檔案。",
    "sync_merge_help_deleted_remotely_1" : "您可以利用以下兩個選擇來解決衝突：",
    "sync_merge_help_deleted_remotely_2" : "1) 透過刪除來解決 - 同時刪除本端檔案。",
    "sync_merge_help_deleted_remotely_3" : "   此動作可藉由將 '%s' 重新命名為 '%s' 來達成。",
    "sync_merge_help_deleted_remotely_4" : "2) 從遠端解決 - 下載遠端檔案。",
    "sync_merge_help_deleted_remotely_5" : "   此動作可藉由將 '%s' 重新命名為 '%s' 來達成。",
    "sync_merge_help_deleted_remotely_6" : "這會讓系統解決衝突。",
    "sync_merge_help_deleted_locally_1" : "您可以利用以下兩個選擇來解決衝突：",
    "sync_merge_help_deleted_locally_2" : "1) 透過刪除來解決 - 同時刪除本端檔案。",
    "sync_merge_help_deleted_locally_3" : "   此動作可藉由將 '%s' 重新命名為 '%s' 來達成。",
    "sync_merge_help_deleted_locally_4" : "2) 從遠端解決 - 下載遠端檔案。",
    "sync_merge_help_deleted_locally_5" : "   此動作可藉由將 '%s' 重新命名為 '%s' 來達成。",
    "sync_merge_help_deleted_locally_6" : "這會讓系統解決衝突。",
    "sync_conflict_local_deleted_1" : "%s 需要人為介入",
    "sync_conflict_local_deleted_2" : "檔案已在本端刪除，並在遠端伺服器上更新。無法判斷應該要下載更新的遠端檔案還是予以刪除。",
    "sync_conflict_local_deleted_3" : "下載檔案作為 %s",
    "sync_conflict_remote_deleted_1" : "%s 需要人為介入",
    "sync_conflict_remote_deleted_2" : "檔案已在遠端刪除，並在本端更新。無法判斷應該要上傳更新的檔案還是予以刪除。",
    "sync_conflict_both_1" : "%s 需要手動合併",
    "sync_conflict_both_2" : "檔案已在本端和遠端伺服器上更新。",
    "sync_conflict_both_3" : "下載檔案作為 %s",
    "sync_conflict_outstanding" : "%s 有尚未解決的合併衝突",
    "sync_event_add_dir" : "可辨識的目錄建立：%s",
    "sync_event_add_file" : "可辨識的檔案建立：%s",
    "sync_event_delete_dir" : "可辨識的目錄移除：%s",
    "sync_event_delete_file" : "可辨識的檔案移除：%s",
    "sync_event_rename_dir" : "可辨識的目錄重新命名/移動：%s",
    "sync_event_rename_file" : "可辨識的檔案重新命名/移動：%s",
    "sync_event_change_file" : "可辨識的檔案變更：%s",
    "sync_rename_skip" : "因為合併衝突尚未解決而略過本端檔案重新命名：%s",
    "sync_start_watching" : "正在監看 '%s' 中的檔案是否有所變更...",

    "sync_ignore_rename" : "忽略檔案重新命名，因為目標檔案 '%s' 符合隱藏式檔案的準則。",
    "watcher_ignore_delete" : "忽略檔案刪除，因為目標檔案 '%s' 符合隱藏式檔案的準則。",

    "sync_report" : "同步化報告：\n總計：%d\n上傳數：%d\n下載數：%d\n刪除數：%d / %d（本端/遠端）\n衝突數：%d / %d（已解決）\n無動作數：%d\n錯誤數：%d\n",
    "sync_error_happened" : "同步化期間發生錯誤！"

}

